created_at,id,id_str,text,full_text,truncated,entities,source,in_reply_to_status_id,in_reply_to_status_id_str,in_reply_to_user_id,in_reply_to_user_id_str,in_reply_to_screen_name,geo,coordinates,place,contributors,is_quote_status,retweet_count,favorite_count,favorited,favorited_by,retweeted,scopes,lang,possibly_sensitive,display_text_width,display_text_range,retweeted_status,quoted_status,quoted_status_id,quoted_status_id_str,quoted_status_permalink,quote_count,timestamp_ms,reply_count,filter_level,metadata,query,withheld_scope,withheld_copyright,withheld_in_countries,possibly_sensitive_appealable
2023-02-04T22:26:56Z,1621998767325970400,1621998767325970439,"Nos vemos 6pm üá≤üáΩ, 7pm üá®üá¥, 1am üá™üá∏ y 9pm üá¶üá∑ https://t.co/LpHmSNgcRh","Nos vemos 6pm üá≤üáΩ, 7pm üá®üá¥, 1am üá™üá∏ y 9pm üá¶üá∑ https://t.co/LpHmSNgcRh",FALSE,,"<a href=""http://twitter.com/download/iphone"" rel=""nofollow"">Twitter for iPhone</a>",NA,NA,NA,NA,NA,,,,NA,TRUE,105,1517,FALSE,NA,FALSE,NA,es,FALSE,NA,41,NA,,1621929200058876e3,1621929200058875909,,NA,NA,NA,NA,NA,NA,NA,NA,NA,NA
2023-02-04T17:50:29Z,1621929200058876e3,1621929200058875909,"Hoy chupi con Ari, nos vemos en la noche. üç∑","Hoy chupi con Ari, nos vemos en la noche. üç∑",FALSE,,"<a href=""http://twitter.com/download/iphone"" rel=""nofollow"">Twitter for iPhone</a>",NA,NA,NA,NA,NA,,,,NA,FALSE,597,23666,FALSE,NA,FALSE,NA,es,NA,NA,43,NA,,NA,NA,,NA,NA,NA,NA,NA,NA,NA,NA,NA,NA
2023-02-04T16:44:50Z,1621912678036869e3,1621912678036869121,FELIZ S√ÅBADO,FELIZ S√ÅBADO,FALSE,,"<a href=""http://twitter.com/download/iphone"" rel=""nofollow"">Twitter for iPhone</a>",NA,NA,NA,NA,NA,,,,NA,FALSE,417,16060,FALSE,NA,FALSE,NA,es,NA,NA,12,NA,,NA,NA,,NA,NA,NA,NA,NA,NA,NA,NA,NA,NA
2023-02-04T00:42:17Z,1621670442200178700,1621670442200178688,@SoyPan__ ü§ú kia ü§õ,@SoyPan__ ü§ú kia ü§õ,FALSE,,"<a href=""http://twitter.com/download/iphone"" rel=""nofollow"">Twitter for iPhone</a>",1621670158094966800,1621670158094966786,748340047473061900,748340047473061889,SoyPan__,,,,NA,FALSE,60,5024,FALSE,NA,FALSE,NA,und,NA,NA,17,NA,,NA,NA,,NA,NA,NA,NA,NA,NA,NA,NA,NA,NA
2023-02-04T00:29:25Z,1621667205011185700,1621667205011185664,Se siente bien bonito terminar directo contento,Se siente bien bonito terminar directo contento,FALSE,,"<a href=""http://twitter.com/download/iphone"" rel=""nofollow"">Twitter for iPhone</a>",NA,NA,NA,NA,NA,,,,NA,FALSE,352,20940,FALSE,NA,FALSE,NA,es,NA,NA,47,NA,,NA,NA,,NA,NA,NA,NA,NA,NA,NA,NA,NA,NA
2023-02-03T17:03:21Z,1621554948809818e3,1621554948809818113,"EN VIVOOOOOOOO üöõüöõüöõüöõüöõ

- Pl√°tica y Warzone
- Chup Chup Kings (tratar√© de evitar la peor idea de todas)
- Juan camionero (ahora s√≠)

https://t.co/SWoeNhMdDk","EN VIVOOOOOOOO üöõüöõüöõüöõüöõ

- Pl√°tica y Warzone
- Chup Chup Kings (tratar√© de evitar la peor idea de todas)
- Juan camionero (ahora s√≠)

https://t.co/SWoeNhMdDk",FALSE,,"<a href=""https://mobile.twitter.com"" rel=""nofollow"">Twitter Web App</a>",NA,NA,NA,NA,NA,,,,NA,FALSE,295,5628,FALSE,NA,FALSE,NA,es,FALSE,NA,154,NA,,NA,NA,,NA,NA,NA,NA,NA,NA,NA,NA,NA,NA
2023-02-02T18:41:36Z,1621217287985401900,1621217287985401857,"YA EN VIVOOO

REDDIT, SIMS Y JUAN CAMIONERO üöõüöõüöõ

https://t.co/SWoeNhMdDk","YA EN VIVOOO

REDDIT, SIMS Y JUAN CAMIONERO üöõüöõüöõ

https://t.co/SWoeNhMdDk",FALSE,,"<a href=""https://mobile.twitter.com"" rel=""nofollow"">Twitter Web App</a>",NA,NA,NA,NA,NA,,,,NA,FALSE,328,6544,FALSE,NA,FALSE,NA,es,FALSE,NA,72,NA,,NA,NA,,NA,NA,NA,NA,NA,NA,NA,NA,NA,NA
2023-02-02T17:08:20Z,1621193813019529200,1621193813019529218,"Hoy Sims y Juan Camionero, se viene d√≠a turbio. ü§©","Hoy Sims y Juan Camionero, se viene d√≠a turbio. ü§©",FALSE,,"<a href=""http://twitter.com/download/iphone"" rel=""nofollow"">Twitter for iPhone</a>",NA,NA,NA,NA,NA,,,,NA,FALSE,487,24574,FALSE,NA,FALSE,NA,es,NA,NA,49,NA,,NA,NA,,NA,NA,NA,NA,NA,NA,NA,NA,NA,NA
2023-02-02T14:39:28Z,1621156349525753900,1621156349525753858,Hola.,Hola.,FALSE,,"<a href=""http://twitter.com/download/iphone"" rel=""nofollow"">Twitter for iPhone</a>",NA,NA,NA,NA,NA,,,,NA,FALSE,638,49322,FALSE,NA,FALSE,NA,es,NA,NA,5,NA,,NA,NA,,NA,NA,NA,NA,NA,NA,NA,NA,NA,NA
2023-02-01T22:33:41Z,1620913302581940200,1620913302581940225,Dania se equivoc√≥ de Juan üò© https://t.co/5x9peVDQv5,Dania se equivoc√≥ de Juan üò© https://t.co/5x9peVDQv5,FALSE,,"<a href=""http://twitter.com/download/iphone"" rel=""nofollow"">Twitter for iPhone</a>",NA,NA,NA,NA,NA,,,,NA,FALSE,2404,101585,FALSE,NA,FALSE,NA,es,FALSE,NA,27,NA,,NA,NA,,NA,NA,NA,NA,NA,NA,NA,NA,NA,NA
2023-02-01T21:04:17Z,1620890807418114e3,1620890807418114049,"@barcagameryt @alanafloresf Alana te quiero mucho pero qu√© duro fue ver esto, me acaba de dar m√°s miop√≠a","@barcagameryt @alanafloresf Alana te quiero mucho pero qu√© duro fue ver esto, me acaba de dar m√°s miop√≠a",FALSE,,"<a href=""http://twitter.com/download/iphone"" rel=""nofollow"">Twitter for iPhone</a>",1620890382862262300,1620890382862262272,712752368610193400,712752368610193408,barcagameryt,,,,NA,FALSE,151,9248,FALSE,NA,FALSE,NA,es,NA,NA,104,NA,,NA,NA,,NA,NA,NA,NA,NA,NA,NA,NA,NA,NA
2023-02-01T20:54:36Z,1620888368082202600,1620888368082202624,"Larry se anda rifando cabr√≥n con el contenido de las redes sociales de Aniquiladores FC. Hoy empieza un podcast en su canal donde hablar√° con jugadores, DT y as√≠. Espero puedan acompa√±arlos semana tras semana. ‚ù§Ô∏èüí™ https://t.co/8YBH4vYlqn","Larry se anda rifando cabr√≥n con el contenido de las redes sociales de Aniquiladores FC. Hoy empieza un podcast en su canal donde hablar√° con jugadores, DT y as√≠. Espero puedan acompa√±arlos semana tras semana. ‚ù§Ô∏èüí™ https://t.co/8YBH4vYlqn",FALSE,,"<a href=""http://twitter.com/download/iphone"" rel=""nofollow"">Twitter for iPhone</a>",NA,NA,NA,NA,NA,,,,NA,TRUE,180,6180,FALSE,NA,FALSE,NA,es,FALSE,NA,213,NA,,1620887331199914e3,1620887331199913985,,NA,NA,NA,NA,NA,NA,NA,NA,NA,NA
2023-02-01T20:43:51Z,1620885661753704400,1620885661753704448,"üö® NUEVO VIDEOOO üö®

GAN√â UN PREMIO ESLAND üòé

Un peque√±o resumen de todo lo que viv√≠ el fin de semana.

https://t.co/CVuay11Z0W https://t.co/fUlCrscIQo","üö® NUEVO VIDEOOO üö®

GAN√â UN PREMIO ESLAND üòé

Un peque√±o resumen de todo lo que viv√≠ el fin de semana.

https://t.co/CVuay11Z0W https://t.co/fUlCrscIQo",FALSE,,"<a href=""http://twitter.com/download/iphone"" rel=""nofollow"">Twitter for iPhone</a>",NA,NA,NA,NA,NA,,,,NA,FALSE,305,8518,FALSE,NA,FALSE,NA,es,FALSE,NA,125,NA,,NA,NA,,NA,NA,NA,NA,NA,NA,NA,NA,NA,NA
2023-02-01T19:56:27Z,1620873735137038300,1620873735137038336,@Srcheeto Es un honor Cheetito. ‚ù§Ô∏è,@Srcheeto Es un honor Cheetito. ‚ù§Ô∏è,FALSE,,"<a href=""http://twitter.com/download/iphone"" rel=""nofollow"">Twitter for iPhone</a>",1620871689797243e3,1620871689797242880,233180001,233180001,Srcheeto,,,,NA,FALSE,47,6416,FALSE,NA,FALSE,NA,es,NA,NA,34,NA,,NA,NA,,NA,NA,NA,NA,NA,NA,NA,NA,NA,NA
2023-02-01T19:41:03Z,1620869860271210500,1620869860271210496,"Tengo much√≠simos pendientes sobre la casa y personales despu√©s de tantos d√≠as fuera de casa. Creo que necesito el d√≠a, ma√±ana ya empezamos con fuerza febrero. Les tengo una sorpresa para la pr√≥xima semana. ü§ì","Tengo much√≠simos pendientes sobre la casa y personales despu√©s de tantos d√≠as fuera de casa. Creo que necesito el d√≠a, ma√±ana ya empezamos con fuerza febrero. Les tengo una sorpresa para la pr√≥xima semana. ü§ì",FALSE,,"<a href=""http://twitter.com/download/iphone"" rel=""nofollow"">Twitter for iPhone</a>",NA,NA,NA,NA,NA,,,,NA,FALSE,312,16183,FALSE,NA,FALSE,NA,es,NA,NA,207,NA,,NA,NA,,NA,NA,NA,NA,NA,NA,NA,NA,NA,NA
2023-02-01T14:54:21Z,1620797710118027300,1620797710118027264,Me acabo de enterar de la noticia‚Ä¶ descansa Reb. Gracias por tus ense√±anzas. üïäÔ∏è,Me acabo de enterar de la noticia‚Ä¶ descansa Reb. Gracias por tus ense√±anzas. üïäÔ∏è,FALSE,,"<a href=""http://twitter.com/download/iphone"" rel=""nofollow"">Twitter for iPhone</a>",NA,NA,NA,NA,NA,,,,NA,FALSE,1345,97535,FALSE,NA,FALSE,NA,es,NA,NA,79,NA,,NA,NA,,NA,NA,NA,NA,NA,NA,NA,NA,NA,NA
2023-02-01T12:51:45Z,1620766856637448200,1620766856637448192,"El domingo vamos contra Troncos, qu√© ilusi√≥n me hace vapulear a Perxas. https://t.co/AwU62g5gOV","El domingo vamos contra Troncos, qu√© ilusi√≥n me hace vapulear a Perxas. https://t.co/AwU62g5gOV",FALSE,,"<a href=""http://twitter.com/download/iphone"" rel=""nofollow"">Twitter for iPhone</a>",NA,NA,NA,NA,NA,,,,NA,TRUE,210,9890,FALSE,NA,FALSE,NA,es,FALSE,NA,71,NA,,1620763997481103400,1620763997481103362,,NA,NA,NA,NA,NA,NA,NA,NA,NA,NA
2023-02-01T02:58:01Z,1620617437648662500,1620617437648662529,@franco_esca Ibagu√© ha recuperado su credibilidad. Es el principio de una nueva era.,@franco_esca Ibagu√© ha recuperado su credibilidad. Es el principio de una nueva era.,FALSE,,"<a href=""http://twitter.com/download/iphone"" rel=""nofollow"">Twitter for iPhone</a>",1620617100460179500,1620617100460179457,219858307,219858307,franco_esca,,,,NA,FALSE,90,8630,FALSE,NA,FALSE,NA,es,NA,NA,84,NA,,NA,NA,,NA,NA,NA,NA,NA,NA,NA,NA,NA,NA
2023-02-01T01:51:02Z,1620600580745105400,1620600580745105408,"Volver siempre se siente muy chido, nos vemos ma√±ana en la tarde. üíõ","Volver siempre se siente muy chido, nos vemos ma√±ana en la tarde. üíõ",FALSE,,"<a href=""http://twitter.com/download/iphone"" rel=""nofollow"">Twitter for iPhone</a>",NA,NA,NA,NA,NA,,,,NA,FALSE,374,23084,FALSE,NA,FALSE,NA,es,NA,NA,67,NA,,NA,NA,,NA,NA,NA,NA,NA,NA,NA,NA,NA,NA
2023-01-31T20:24:20Z,1620518364635598800,1620518364635598848,"NOS VEMOS PRONTO, CHILE üá®üá±üá®üá±üá®üá± https://t.co/tctgaxav6b","NOS VEMOS PRONTO, CHILE üá®üá±üá®üá±üá®üá± https://t.co/tctgaxav6b",FALSE,,"<a href=""https://mobile.twitter.com"" rel=""nofollow"">Twitter Web App</a>",NA,NA,NA,NA,NA,,,,NA,TRUE,789,18376,FALSE,NA,FALSE,NA,es,FALSE,NA,30,NA,,1619833739592306700,1619833739592306688,,NA,NA,NA,NA,NA,NA,NA,NA,NA,NA
2023-01-31T20:02:00Z,1620512743060308e3,1620512743060307970,"ROLEPLAYER DEL A√ëO PRENDE DIRECTO QUE NO ES DE ROLEPLAY

- Hablamos y reaccionamos a cosas de los premios 
- Pintamos en oleo üé®

https://t.co/SWoeNhMLsS","ROLEPLAYER DEL A√ëO PRENDE DIRECTO QUE NO ES DE ROLEPLAY

- Hablamos y reaccionamos a cosas de los premios 
- Pintamos en oleo üé®

https://t.co/SWoeNhMLsS",FALSE,,"<a href=""https://mobile.twitter.com"" rel=""nofollow"">Twitter Web App</a>",NA,NA,NA,NA,NA,,,,NA,FALSE,406,8299,FALSE,NA,FALSE,NA,es,FALSE,NA,152,NA,,NA,NA,,NA,NA,NA,NA,NA,NA,NA,NA,NA,NA
2023-01-31T19:43:13Z,1620508018491424800,1620508018491424768,PRENDO EN EXACTAMENTE 17 MINUTOS,PRENDO EN EXACTAMENTE 17 MINUTOS,FALSE,,"<a href=""https://mobile.twitter.com"" rel=""nofollow"">Twitter Web App</a>",NA,NA,NA,NA,NA,,,,NA,FALSE,254,17257,FALSE,NA,FALSE,NA,es,NA,NA,32,NA,,NA,NA,,NA,NA,NA,NA,NA,NA,NA,NA,NA,NA
2023-01-31T16:02:31Z,1620452474737000400,1620452474737000448,El roleplayer del a√±o har√° un directo en la tarde que no tendr√° nada que ver con roleplay. Reaccionar√° a algunas cosas de los premios y pintar√° en oleo.,El roleplayer del a√±o har√° un directo en la tarde que no tendr√° nada que ver con roleplay. Reaccionar√° a algunas cosas de los premios y pintar√° en oleo.,FALSE,,"<a href=""http://twitter.com/download/iphone"" rel=""nofollow"">Twitter for iPhone</a>",NA,NA,NA,NA,NA,,,,NA,FALSE,904,38765,FALSE,NA,FALSE,NA,es,NA,NA,152,NA,,NA,NA,,NA,NA,NA,NA,NA,NA,NA,NA,NA,NA
2023-01-31T00:46:57Z,1620222067064045600,1620222067064045569,The Last of Us hasta ahora es PER FEC TA.,The Last of Us hasta ahora es PER FEC TA.,FALSE,,"<a href=""http://twitter.com/download/iphone"" rel=""nofollow"">Twitter for iPhone</a>",NA,NA,NA,NA,NA,,,,NA,FALSE,1230,35486,FALSE,NA,FALSE,NA,es,NA,NA,41,NA,,NA,NA,,NA,NA,NA,NA,NA,NA,NA,NA,NA,NA
2023-01-30T21:47:18Z,1620176855012884500,1620176855012884483,@auronplay Culo del a√±o,@auronplay Culo del a√±o,FALSE,,"<a href=""http://twitter.com/download/iphone"" rel=""nofollow"">Twitter for iPhone</a>",1620176307459100700,1620176307459100673,1501434991,1501434991,auronplay,,,,NA,FALSE,714,46533,FALSE,NA,FALSE,NA,es,NA,NA,23,NA,,NA,NA,,NA,NA,NA,NA,NA,NA,NA,NA,NA,NA
2023-01-30T18:41:50Z,1620130181318049800,1620130181318049793,"Vean estas fotos con tremenda belleza, la foto con Ari tambi√©n est√° chida. ü§© https://t.co/1TUIP8jnXW","Vean estas fotos con tremenda belleza, la foto con Ari tambi√©n est√° chida. ü§© https://t.co/1TUIP8jnXW",FALSE,,"<a href=""http://twitter.com/download/iphone"" rel=""nofollow"">Twitter for iPhone</a>",NA,NA,NA,NA,NA,,,,NA,FALSE,5097,124586,FALSE,NA,FALSE,NA,es,FALSE,NA,76,NA,,NA,NA,,NA,NA,NA,NA,NA,NA,NA,NA,NA,NA
2023-01-30T17:48:28Z,1620116751118925800,1620116751118925824,"Joder como han molado los Esland, espero volver a Mexico üôè hasta me he sentido latino por un momento no estoy de co√±a pero ya extra√±o mi setup en Espa√±a, muy rico los tacos pero mi coraz√≥n le pertenece a la paella","Joder como han molado los Esland, espero volver a Mexico üôè hasta me he sentido latino por un momento no estoy de co√±a pero ya extra√±o mi setup en Espa√±a, muy rico los tacos pero mi coraz√≥n le pertenece a la paella",FALSE,,"<a href=""http://twitter.com/download/iphone"" rel=""nofollow"">Twitter for iPhone</a>",NA,NA,NA,NA,NA,,,,NA,FALSE,2391,119255,FALSE,NA,FALSE,NA,es,NA,NA,213,NA,,NA,NA,,NA,NA,NA,NA,NA,NA,NA,NA,NA,NA
2023-01-30T17:03:30Z,1620105436124020700,1620105436124020737,A m√≠ yo de 15 a√±os le cuentas esta escena y no se la creer√≠a de ninguna manera https://t.co/wMd6e4dAVd,A m√≠ yo de 15 a√±os le cuentas esta escena y no se la creer√≠a de ninguna manera https://t.co/wMd6e4dAVd,FALSE,,"<a href=""http://twitter.com/download/iphone"" rel=""nofollow"">Twitter for iPhone</a>",NA,NA,NA,NA,NA,,,,NA,FALSE,7449,179207,FALSE,NA,FALSE,NA,es,FALSE,NA,78,NA,,NA,NA,,NA,NA,NA,NA,NA,NA,NA,NA,NA,NA
2023-01-30T15:13:44Z,1620077809594138600,1620077809594138626,"Perd√≥name, no quer√≠a meterte en esto @elmarianaa https://t.co/CBV5iALCYO","Perd√≥name, no quer√≠a meterte en esto @elmarianaa https://t.co/CBV5iALCYO",FALSE,,"<a href=""http://twitter.com/download/iphone"" rel=""nofollow"">Twitter for iPhone</a>",NA,NA,NA,NA,NA,,,,NA,TRUE,1643,44422,FALSE,NA,FALSE,NA,es,FALSE,NA,48,NA,,1620075726023323600,1620075726023323654,,NA,NA,NA,NA,NA,NA,NA,NA,NA,NA
2023-01-30T14:14:18Z,1620062853976973300,1620062853976973312,"Ayer estuvo incre√≠ble, me chingu√© una pizza con pi√±a, dos hamburguesas y un nugget.","Ayer estuvo incre√≠ble, me chingu√© una pizza con pi√±a, dos hamburguesas y un nugget.",FALSE,,"<a href=""http://twitter.com/download/iphone"" rel=""nofollow"">Twitter for iPhone</a>",NA,NA,NA,NA,NA,,,,NA,FALSE,899,52198,FALSE,NA,FALSE,NA,es,NA,NA,83,NA,,NA,NA,,NA,NA,NA,NA,NA,NA,NA,NA,NA,NA
2023-01-30T13:32:12Z,1620052258338803700,1620052258338803713,@IbaiLlanos @ElAlexQuackity DR SLIM SHDJSJJAJA https://t.co/cddApicapT,@IbaiLlanos @ElAlexQuackity DR SLIM SHDJSJJAJA https://t.co/cddApicapT,FALSE,,"<a href=""http://twitter.com/download/iphone"" rel=""nofollow"">Twitter for iPhone</a>",1619888648870318e3,1619888648870318083,2754746065,2754746065,IbaiLlanos,,,,NA,FALSE,220,14476,FALSE,NA,FALSE,NA,tr,FALSE,NA,46,NA,,NA,NA,,NA,NA,NA,NA,NA,NA,NA,NA,NA,NA
2023-01-30T04:39:27Z,1619918189059797e3,1619918189059796992,@gerardromero JIJANTE,@gerardromero JIJANTE,FALSE,,"<a href=""http://twitter.com/download/iphone"" rel=""nofollow"">Twitter for iPhone</a>",1619917707146842e3,1619917707146842113,106797159,106797159,gerardromero,,,,NA,FALSE,43,9088,FALSE,NA,FALSE,NA,ht,NA,NA,21,NA,,NA,NA,,NA,NA,NA,NA,NA,NA,NA,NA,NA,NA
2023-01-30T03:25:53Z,1619899673896181800,1619899673896181766,@Karchezzz Te explico??????,@Karchezzz Te explico??????,FALSE,,"<a href=""http://twitter.com/download/iphone"" rel=""nofollow"">Twitter for iPhone</a>",1619898677006577700,1619898677006577664,1257375500386947e3,1257375500386947072,Karchezzz,,,,NA,FALSE,226,32674,FALSE,NA,FALSE,NA,es,NA,NA,27,NA,,NA,NA,,NA,NA,NA,NA,NA,NA,NA,NA,NA,NA
2023-01-30T03:18:52Z,1619897909075677200,1619897909075677184,Estoy pedito hermoso,Estoy pedito hermoso,FALSE,,"<a href=""http://twitter.com/download/iphone"" rel=""nofollow"">Twitter for iPhone</a>",NA,NA,NA,NA,NA,,,,NA,FALSE,1254,74283,FALSE,NA,FALSE,NA,es,NA,NA,20,NA,,NA,NA,,NA,NA,NA,NA,NA,NA,NA,NA,NA,NA
2023-01-30T01:28:54Z,1619870233313022e3,1619870233313021954,@elmarianaa Eres muy grande El Mariana,@elmarianaa Eres muy grande El Mariana,FALSE,,"<a href=""http://twitter.com/download/iphone"" rel=""nofollow"">Twitter for iPhone</a>",161986440403157e4,1619864404031569922,1303576011716595700,1303576011716595712,elmarianaa,,,,NA,FALSE,454,32256,FALSE,NA,FALSE,NA,es,NA,NA,38,NA,,NA,NA,,NA,NA,NA,NA,NA,NA,NA,NA,NA,NA
2023-01-30T00:40:59Z,1619858175049732e3,1619858175049732099,@DonReborn2 Gracias maestro ‚ù§Ô∏è,@DonReborn2 Gracias maestro ‚ù§Ô∏è,FALSE,,"<a href=""http://twitter.com/download/iphone"" rel=""nofollow"">Twitter for iPhone</a>",1619826271030247400,1619826271030247425,1188895278801309700,1188895278801309696,DonReborn2,,,,NA,FALSE,307,16907,FALSE,NA,FALSE,NA,es,NA,NA,30,NA,,NA,NA,,NA,NA,NA,NA,NA,NA,NA,NA,NA,NA
2023-01-30T00:39:50Z,1619857886917832700,1619857886917832704,@Mixwell ‚ù§Ô∏è,@Mixwell ‚ù§Ô∏è,FALSE,,"<a href=""http://twitter.com/download/iphone"" rel=""nofollow"">Twitter for iPhone</a>",1619833788149923800,1619833788149923840,941648953,941648953,Mixwell,,,,NA,FALSE,17,1328,FALSE,NA,FALSE,NA,und,NA,NA,11,NA,,NA,NA,,NA,NA,NA,NA,NA,NA,NA,NA,NA,NA
2023-01-30T00:39:43Z,1619857859961041e3,1619857859961040896,@Perxitaa Te quiero mucho Perxas,@Perxitaa Te quiero mucho Perxas,FALSE,,"<a href=""http://twitter.com/download/iphone"" rel=""nofollow"">Twitter for iPhone</a>",1619836581929681e3,1619836581929680897,341804193,341804193,Perxitaa,,,,NA,FALSE,282,16452,FALSE,NA,FALSE,NA,es,NA,NA,32,NA,,NA,NA,,NA,NA,NA,NA,NA,NA,NA,NA,NA,NA
2023-01-30T00:38:40Z,1619857592368652300,1619857592368652288,"Gracias a todos por sus felicitaciones y palabras bonitas, estoy muy feliz. Nos vemos el martes. ‚ù§Ô∏è

Quiero jugar Warzone.","Gracias a todos por sus felicitaciones y palabras bonitas, estoy muy feliz. Nos vemos el martes. ‚ù§Ô∏è

Quiero jugar Warzone.",FALSE,,"<a href=""http://twitter.com/download/iphone"" rel=""nofollow"">Twitter for iPhone</a>",NA,NA,NA,NA,NA,,,,NA,FALSE,2118,61387,FALSE,NA,FALSE,NA,es,NA,NA,122,NA,,NA,NA,,NA,NA,NA,NA,NA,NA,NA,NA,NA,NA
2023-01-29T22:47:18Z,1619829566289358800,1619829566289358848,https://t.co/w6JtNhki6T,https://t.co/w6JtNhki6T,FALSE,,"<a href=""http://twitter.com/download/iphone"" rel=""nofollow"">Twitter for iPhone</a>",NA,NA,NA,NA,NA,,,,NA,FALSE,14721,221112,FALSE,NA,FALSE,NA,zxx,FALSE,NA,0,NA,,NA,NA,,NA,NA,NA,NA,NA,NA,NA,NA,NA,NA
2023-01-29T20:13:44Z,1619790921599701e3,1619790921599700993,https://t.co/4Ib9h80fqQ,https://t.co/4Ib9h80fqQ,FALSE,,"<a href=""http://twitter.com/download/iphone"" rel=""nofollow"">Twitter for iPhone</a>",NA,NA,NA,NA,NA,,,,NA,FALSE,3064,75582,FALSE,NA,FALSE,NA,zxx,FALSE,NA,0,NA,,NA,NA,,NA,NA,NA,NA,NA,NA,NA,NA,NA,NA
2023-01-29T17:56:22Z,1619756353115013e3,1619756353115013120,"Este cabr√≥n viene en pijama, pantuflas y aparte se pone c√≥modo https://t.co/2Fg2RE3ql3","Este cabr√≥n viene en pijama, pantuflas y aparte se pone c√≥modo https://t.co/2Fg2RE3ql3",FALSE,,"<a href=""http://twitter.com/download/iphone"" rel=""nofollow"">Twitter for iPhone</a>",NA,NA,NA,NA,NA,,,,NA,FALSE,13539,242551,FALSE,NA,FALSE,NA,es,FALSE,NA,62,NA,,NA,NA,,NA,NA,NA,NA,NA,NA,NA,NA,NA,NA
2023-01-29T15:10:31Z,1.6197146139769119e+18,1619714613976911872,Anulo mufa ü§û,Anulo mufa ü§û,FALSE,,"<a href=""http://twitter.com/download/iphone"" rel=""nofollow"">Twitter for iPhone</a>",NA,NA,NA,NA,NA,,,,NA,FALSE,786,53029,FALSE,NA,FALSE,NA,und,NA,NA,12,NA,,NA,NA,,NA,NA,NA,NA,NA,NA,NA,NA,NA,NA
2023-01-29T14:27:51Z,1619703877171036200,1619703877171036161,@SpreenDMC P√≠dete unos chilaquiles que no piquen. De nada!,@SpreenDMC P√≠dete unos chilaquiles que no piquen. De nada!,FALSE,,"<a href=""http://twitter.com/download/iphone"" rel=""nofollow"">Twitter for iPhone</a>",1619703788704792600,1619703788704792578,1004392807522553900,1004392807522553856,SpreenDMC,,,,NA,FALSE,489,31649,FALSE,NA,FALSE,NA,es,NA,NA,58,NA,,NA,NA,,NA,NA,NA,NA,NA,NA,NA,NA,NA,NA
2023-01-29T14:05:27Z,1619698238743019500,1619698238743019529,@Srcheeto PASO,@Srcheeto PASO,FALSE,,"<a href=""http://twitter.com/download/iphone"" rel=""nofollow"">Twitter for iPhone</a>",161969751529685e4,1619697515296849921,233180001,233180001,Srcheeto,,,,NA,FALSE,51,5063,FALSE,NA,FALSE,NA,es,NA,NA,14,NA,,NA,NA,,NA,NA,NA,NA,NA,NA,NA,NA,NA,NA
2023-01-29T13:59:18Z,1619696690994503700,1619696690994503682,Pido disculpas por todos lo que ir√°n a los Esland con tremenda cara de culo https://t.co/sVPOgAQ8KU,Pido disculpas por todos lo que ir√°n a los Esland con tremenda cara de culo https://t.co/sVPOgAQ8KU,FALSE,,"<a href=""http://twitter.com/download/iphone"" rel=""nofollow"">Twitter for iPhone</a>",NA,NA,NA,NA,NA,,,,NA,TRUE,1654,72963,FALSE,NA,FALSE,NA,es,FALSE,NA,75,NA,,1619662809431961600,1619662809431961602,,NA,NA,NA,NA,NA,NA,NA,NA,NA,NA
2023-01-28T22:18:23Z,1619459903743205400,1619459903743205380,"Me he tomado 200 fotos y he visto 3, d√©jenlas en este tweet para echarles un ojo.","Me he tomado 200 fotos y he visto 3, d√©jenlas en este tweet para echarles un ojo.",FALSE,,"<a href=""http://twitter.com/download/iphone"" rel=""nofollow"">Twitter for iPhone</a>",NA,NA,NA,NA,NA,,,,NA,FALSE,1384,121013,FALSE,NA,FALSE,NA,es,NA,NA,81,NA,,NA,NA,,NA,NA,NA,NA,NA,NA,NA,NA,NA,NA
2023-01-28T21:03:39Z,1619441093271249e3,1619441093271248897,@dedreviil No s√© d√≥nde vive √©l,@dedreviil No s√© d√≥nde vive √©l,FALSE,,"<a href=""http://twitter.com/download/iphone"" rel=""nofollow"">Twitter for iPhone</a>",1619412617742921700,1619412617742921728,71629213,71629213,dedreviil,,,,NA,FALSE,55,7397,FALSE,NA,FALSE,NA,es,NA,NA,30,NA,,NA,NA,,NA,NA,NA,NA,NA,NA,NA,NA,NA,NA
2023-01-28T18:15:21Z,1619398739290128400,1619398739290128384,Ya llegamos a CDMX üò≥ https://t.co/DssY4cz7xh,Ya llegamos a CDMX üò≥ https://t.co/DssY4cz7xh,FALSE,,"<a href=""http://twitter.com/download/iphone"" rel=""nofollow"">Twitter for iPhone</a>",NA,NA,NA,NA,NA,,,,NA,FALSE,8272,164504,FALSE,NA,FALSE,NA,es,FALSE,NA,20,NA,,NA,NA,,NA,NA,NA,NA,NA,NA,NA,NA,NA,NA
2023-01-28T00:41:07Z,1619133434676543500,1619133434676543489,Dale https://t.co/cQEfd08Nmp,Dale https://t.co/cQEfd08Nmp,FALSE,,"<a href=""http://twitter.com/download/iphone"" rel=""nofollow"">Twitter for iPhone</a>",NA,NA,NA,NA,NA,,,,NA,TRUE,107,6604,FALSE,NA,FALSE,NA,it,FALSE,NA,4,NA,,1619130701894520800,1619130701894520832,,NA,NA,NA,NA,NA,NA,NA,NA,NA,NA
2023-01-27T23:16:49Z,1619112218280317e3,1619112218280316929,"Acabo de comprar unas cosas que me faltaban para ma√±ana viajar a los Esland, llegu√© a mi casa y no me siento muy bien.

Nos vemos despu√©s de este viaje express, los quiero. ü•≤","Acabo de comprar unas cosas que me faltaban para ma√±ana viajar a los Esland, llegu√© a mi casa y no me siento muy bien.

Nos vemos despu√©s de este viaje express, los quiero. ü•≤",FALSE,,"<a href=""http://twitter.com/download/iphone"" rel=""nofollow"">Twitter for iPhone</a>",NA,NA,NA,NA,NA,,,,NA,FALSE,319,20392,FALSE,NA,FALSE,NA,es,NA,NA,174,NA,,NA,NA,,NA,NA,NA,NA,NA,NA,NA,NA,NA,NA
2023-01-27T22:44:14Z,1619104019850616800,1619104019850616832,Dios bendiga Shrek 2,Dios bendiga Shrek 2,FALSE,,"<a href=""http://twitter.com/download/iphone"" rel=""nofollow"">Twitter for iPhone</a>",NA,NA,NA,NA,NA,,,,NA,FALSE,2545,36366,FALSE,NA,FALSE,NA,tl,NA,NA,20,NA,,NA,NA,,NA,NA,NA,NA,NA,NA,NA,NA,NA,NA
2023-01-27T18:41:26Z,1619042915787112400,1619042915787112449,üòé https://t.co/cOlOo2eBmU https://t.co/f7FJOHqwsE,üòé https://t.co/cOlOo2eBmU https://t.co/f7FJOHqwsE,FALSE,,"<a href=""http://twitter.com/download/iphone"" rel=""nofollow"">Twitter for iPhone</a>",NA,NA,NA,NA,NA,,,,NA,FALSE,1311,57518,FALSE,NA,FALSE,NA,und,FALSE,NA,25,NA,,NA,NA,,NA,NA,NA,NA,NA,NA,NA,NA,NA,NA
2023-01-27T18:19:15Z,1619037335634735e3,1619037335634735105,A todos mis amigos extranjeros que vienen a M√©xico por los Esland cuando el mesero les diga que la salsa casi no pica cr√©anle. Jam√°s mienten. ‚ù§Ô∏è,A todos mis amigos extranjeros que vienen a M√©xico por los Esland cuando el mesero les diga que la salsa casi no pica cr√©anle. Jam√°s mienten. ‚ù§Ô∏è,FALSE,,"<a href=""http://twitter.com/download/iphone"" rel=""nofollow"">Twitter for iPhone</a>",NA,NA,NA,NA,NA,,,,NA,FALSE,1792,86424,FALSE,NA,FALSE,NA,es,NA,NA,144,NA,,NA,NA,,NA,NA,NA,NA,NA,NA,NA,NA,NA,NA
2023-01-27T17:08:36Z,1619019553882902500,1619019553882902529,Despu√©s de 2 rebanadas se complica. Buen chicharr√≥n. 7/10 https://t.co/k0HXjTEDiZ,Despu√©s de 2 rebanadas se complica. Buen chicharr√≥n. 7/10 https://t.co/k0HXjTEDiZ,FALSE,,"<a href=""http://twitter.com/download/iphone"" rel=""nofollow"">Twitter for iPhone</a>",NA,NA,NA,NA,NA,,,,NA,TRUE,112,6594,FALSE,NA,FALSE,NA,es,FALSE,NA,57,NA,,1619018145188184e3,1619018145188184065,,NA,NA,NA,NA,NA,NA,NA,NA,NA,NA
2023-01-27T00:10:48Z,1618763418537984e3,1618763418537984001,@celayaavi EST√Å RICA?,@celayaavi EST√Å RICA?,FALSE,,"<a href=""http://twitter.com/download/iphone"" rel=""nofollow"">Twitter for iPhone</a>",1618761334585462800,1618761334585462786,1350899130646802400,1350899130646802439,celayaavi,,,,NA,FALSE,4,406,FALSE,NA,FALSE,NA,es,NA,NA,21,NA,,NA,NA,,NA,NA,NA,NA,NA,NA,NA,NA,NA,NA
2023-01-26T23:54:54Z,1618759414990917600,1618759414990917636,"@Tortilla_Land Gracias a ti por tu trabajo, piojoso","@Tortilla_Land Gracias a ti por tu trabajo, piojoso",FALSE,,"<a href=""http://twitter.com/download/iphone"" rel=""nofollow"">Twitter for iPhone</a>",1618754274959458300,1618754274959458305,1404546174833549300,1404546174833549314,Tortilla_Land,,,,NA,FALSE,82,7377,FALSE,NA,FALSE,NA,es,NA,NA,51,NA,,NA,NA,,NA,NA,NA,NA,NA,NA,NA,NA,NA,NA
2023-01-26T23:54:09Z,1618759225873948700,1618759225873948672,Si hoy no me fuera a comer una pizza de chicharr√≥n de la Ramos estar√≠a ag√ºitado; pero como s√≠ lo voy a hacer entonces no estoy ag√ºitado.,Si hoy no me fuera a comer una pizza de chicharr√≥n de la Ramos estar√≠a ag√ºitado; pero como s√≠ lo voy a hacer entonces no estoy ag√ºitado.,FALSE,,"<a href=""http://twitter.com/download/iphone"" rel=""nofollow"">Twitter for iPhone</a>",NA,NA,NA,NA,NA,,,,NA,FALSE,269,17041,FALSE,NA,FALSE,NA,es,NA,NA,136,NA,,NA,NA,,NA,NA,NA,NA,NA,NA,NA,NA,NA,NA
2023-01-26T23:33:26Z,1618754014224711700,1618754014224711680,"Termina mi aventura, cada d√≠a me estaba divirtiendo m√°s. ‚ù§Ô∏è

Nos vemos ma√±ana con el directo pintando en oleo. ü§ì https://t.co/XudHcg0H9B","Termina mi aventura, cada d√≠a me estaba divirtiendo m√°s. ‚ù§Ô∏è

Nos vemos ma√±ana con el directo pintando en oleo. ü§ì https://t.co/XudHcg0H9B",FALSE,,"<a href=""http://twitter.com/download/iphone"" rel=""nofollow"">Twitter for iPhone</a>",NA,NA,NA,NA,NA,,,,NA,TRUE,1198,44510,FALSE,NA,FALSE,NA,es,FALSE,NA,112,NA,,1618752739915489300,1618752739915489280,,NA,NA,NA,NA,NA,NA,NA,NA,NA,NA
2023-01-26T19:22:50Z,1618690948049014800,1618690948049014784,"MINECRAFT EXTREMO: HOY ME MATAN, ADI√ìS üíÄüíÄüíÄüíÄüíÄüíÄüíÄüíÄüíÄ

https://t.co/SWoeNhMLsS","MINECRAFT EXTREMO: HOY ME MATAN, ADI√ìS üíÄüíÄüíÄüíÄüíÄüíÄüíÄüíÄüíÄ

https://t.co/SWoeNhMLsS",FALSE,,"<a href=""https://mobile.twitter.com"" rel=""nofollow"">Twitter Web App</a>",NA,NA,NA,NA,NA,,,,NA,FALSE,215,4488,FALSE,NA,FALSE,NA,es,FALSE,NA,73,NA,,NA,NA,,NA,NA,NA,NA,NA,NA,NA,NA,NA,NA
2023-01-26T18:32:55Z,1618678387178115e3,1618678387178115073,"Hoy estar√© aqu√≠ a las 8pm hablando de @AniquiladoresFC üëÄ

Antes prender√© en un ratito para darle al Minecraft. https://t.co/QzdCsKDHHa","Hoy estar√© aqu√≠ a las 8pm hablando de @AniquiladoresFC üëÄ

Antes prender√© en un ratito para darle al Minecraft. https://t.co/QzdCsKDHHa",FALSE,,"<a href=""http://twitter.com/download/iphone"" rel=""nofollow"">Twitter for iPhone</a>",NA,NA,NA,NA,NA,,,,NA,TRUE,132,3808,FALSE,NA,FALSE,NA,es,FALSE,NA,110,NA,,161863817162931e4,1618638171629309953,,NA,NA,NA,NA,NA,NA,NA,NA,NA,NA
2023-01-26T14:12:27Z,1618612839266267100,1618612839266267138,Deber√≠a de descansar pero tengo ganas de Warzone y Minecraft. üíÄ,Deber√≠a de descansar pero tengo ganas de Warzone y Minecraft. üíÄ,FALSE,,"<a href=""http://twitter.com/download/iphone"" rel=""nofollow"">Twitter for iPhone</a>",1618606264250159e3,1618606264250159104,285081945,285081945,JuanSGuarnizo,,,,NA,FALSE,69,6676,FALSE,NA,FALSE,NA,es,NA,NA,63,NA,,NA,NA,,NA,NA,NA,NA,NA,NA,NA,NA,NA,NA
2023-01-26T13:46:20Z,1618606264250159e3,1618606264250159104,No tengo voz otra vez. üëç,No tengo voz otra vez. üëç,FALSE,,"<a href=""http://twitter.com/download/iphone"" rel=""nofollow"">Twitter for iPhone</a>",NA,NA,NA,NA,NA,,,,NA,FALSE,190,16966,FALSE,NA,FALSE,NA,es,NA,NA,24,NA,,NA,NA,,NA,NA,NA,NA,NA,NA,NA,NA,NA,NA
2023-01-26T04:52:27Z,1618471908500205600,1618471908500205575,Punto absoluto en el tiempo: https://t.co/Xn5gB46EZU,Punto absoluto en el tiempo: https://t.co/Xn5gB46EZU,FALSE,,"<a href=""http://twitter.com/download/iphone"" rel=""nofollow"">Twitter for iPhone</a>",NA,NA,NA,NA,NA,,,,NA,FALSE,2911,37696,FALSE,NA,FALSE,NA,es,FALSE,NA,28,NA,,NA,NA,,NA,NA,NA,NA,NA,NA,NA,NA,NA,NA
2023-01-25T18:05:06Z,1618308998767448e3,1618308998767448064,"MINECRAFT EXTREMO + SIM√ìN DICE ft. ESOS 4 üëä

https://t.co/SWoeNhMLsS","MINECRAFT EXTREMO + SIM√ìN DICE ft. ESOS 4 üëä

https://t.co/SWoeNhMLsS",FALSE,,"<a href=""https://mobile.twitter.com"" rel=""nofollow"">Twitter Web App</a>",NA,NA,NA,NA,NA,,,,NA,FALSE,242,3944,FALSE,NA,FALSE,NA,es,FALSE,NA,68,NA,,NA,NA,,NA,NA,NA,NA,NA,NA,NA,NA,NA,NA
2023-01-25T17:31:59Z,1618300662831542300,1618300662831542273,"¬øTienen alg√∫n clip tilteados? Env√≠enlo en las respuestas de este tweet con sus mejores o peores reacciones a las derrotas y los estaremos viendo en directo con los nuevos Trident X. üòé #TridentX #HackYourMood 
#HackSnack @trident_co 
@tridentchile https://t.co/0itm45Afkm","¬øTienen alg√∫n clip tilteados? Env√≠enlo en las respuestas de este tweet con sus mejores o peores reacciones a las derrotas y los estaremos viendo en directo con los nuevos Trident X. üòé #TridentX #HackYourMood 
#HackSnack @trident_co 
@tridentchile https://t.co/0itm45Afkm",FALSE,,"<a href=""http://twitter.com/download/iphone"" rel=""nofollow"">Twitter for iPhone</a>",NA,NA,NA,NA,NA,,,,NA,FALSE,72,2802,FALSE,NA,FALSE,NA,es,FALSE,NA,270,NA,,NA,NA,,NA,NA,NA,NA,NA,NA,NA,NA,NA,NA
2023-01-25T13:03:15Z,1618233035278938e3,1618233035278938113,@Tortilla_Land üò≥,@Tortilla_Land üò≥,FALSE,,"<a href=""http://twitter.com/download/iphone"" rel=""nofollow"">Twitter for iPhone</a>",1618232770786136e3,1618232770786136068,1404546174833549300,1404546174833549314,Tortilla_Land,,,,NA,FALSE,69,7582,FALSE,NA,FALSE,NA,und,NA,NA,16,NA,,NA,NA,,NA,NA,NA,NA,NA,NA,NA,NA,NA,NA
2023-01-24T17:37:23Z,1617939635216474e3,1617939635216474119,"VUELVO A MINECRAFT EXTREMO (MUERO 100%), WARZONE, ETC ETC ETC üíÄ

https://t.co/SWoeNhMLsS","VUELVO A MINECRAFT EXTREMO (MUERO 100%), WARZONE, ETC ETC ETC üíÄ

https://t.co/SWoeNhMLsS",FALSE,,"<a href=""https://mobile.twitter.com"" rel=""nofollow"">Twitter Web App</a>",NA,NA,NA,NA,NA,,,,NA,FALSE,250,4241,FALSE,NA,FALSE,NA,es,FALSE,NA,88,NA,,NA,NA,,NA,NA,NA,NA,NA,NA,NA,NA,NA,NA
2023-01-24T06:28:50Z,1617771388047356e3,1617771388047355906,"Ya en casa amigos, estoy reventad√≠simo. üôÉ

Nos vemos ma√±ana temprano.","Ya en casa amigos, estoy reventad√≠simo. üôÉ

Nos vemos ma√±ana temprano.",FALSE,,"<a href=""http://twitter.com/download/iphone"" rel=""nofollow"">Twitter for iPhone</a>",NA,NA,NA,NA,NA,,,,NA,FALSE,188,11431,FALSE,NA,FALSE,NA,es,NA,NA,69,NA,,NA,NA,,NA,NA,NA,NA,NA,NA,NA,NA,NA,NA
2023-01-23T23:24:53Z,1617664698887045e3,1617664698887045121,"@spreemiau Esa es la peor con diferencia, s√∫per peligrosa para los jugadores adem√°s. xd","@spreemiau Esa es la peor con diferencia, s√∫per peligrosa para los jugadores adem√°s. xd",FALSE,,"<a href=""http://twitter.com/download/iphone"" rel=""nofollow"">Twitter for iPhone</a>",1617664487427014700,1617664487427014659,747890287985463300,747890287985463297,spreemiau,,,,NA,FALSE,2,250,FALSE,NA,FALSE,NA,es,NA,NA,87,NA,,NA,NA,,NA,NA,NA,NA,NA,NA,NA,NA,NA,NA
2023-01-23T23:23:18Z,1617664301468389400,1617664301468389377,Me bajo del barco de las cartas. Lo siento afici√≥n.,Me bajo del barco de las cartas. Lo siento afici√≥n.,FALSE,,"<a href=""http://twitter.com/download/iphone"" rel=""nofollow"">Twitter for iPhone</a>",NA,NA,NA,NA,NA,,,,NA,FALSE,263,29365,FALSE,NA,FALSE,NA,es,NA,NA,51,NA,,NA,NA,,NA,NA,NA,NA,NA,NA,NA,NA,NA,NA
2023-01-23T20:20:41Z,1617618341077880800,1617618341077880834,QUIERO LLEGAR A MI CASA Y VER TLOU üÖ∞Ô∏èüÖ∞Ô∏èüÖ∞Ô∏èüÖ∞Ô∏èüÖ∞Ô∏è,QUIERO LLEGAR A MI CASA Y VER TLOU üÖ∞Ô∏èüÖ∞Ô∏èüÖ∞Ô∏èüÖ∞Ô∏èüÖ∞Ô∏è,FALSE,,"<a href=""http://twitter.com/download/iphone"" rel=""nofollow"">Twitter for iPhone</a>",NA,NA,NA,NA,NA,,,,NA,FALSE,143,9327,FALSE,NA,FALSE,NA,es,NA,NA,45,NA,,NA,NA,,NA,NA,NA,NA,NA,NA,NA,NA,NA,NA
2023-01-23T18:59:31Z,1.6175979158698721e+18,1617597915869872171,"Comenzamos de 11 y ahora vamos de 7, poco a poco. üí™ü•π https://t.co/xzGydaT8gI","Comenzamos de 11 y ahora vamos de 7, poco a poco. üí™ü•π https://t.co/xzGydaT8gI",FALSE,,"<a href=""http://twitter.com/download/iphone"" rel=""nofollow"">Twitter for iPhone</a>",NA,NA,NA,NA,NA,,,,NA,TRUE,185,6689,FALSE,NA,FALSE,NA,es,FALSE,NA,52,NA,,1617456286353719300,1617456286353719298,,NA,NA,NA,NA,NA,NA,NA,NA,NA,NA
2023-01-23T00:57:28Z,1617325609872658400,1617325609872658433,Este d√≠a no lo cambio por nada. ‚ù§Ô∏è @AniquiladoresFC https://t.co/nkpYOKpaje,Este d√≠a no lo cambio por nada. ‚ù§Ô∏è @AniquiladoresFC https://t.co/nkpYOKpaje,FALSE,,"<a href=""http://twitter.com/download/iphone"" rel=""nofollow"">Twitter for iPhone</a>",NA,NA,NA,NA,NA,,,,NA,FALSE,1028,36017,FALSE,NA,FALSE,NA,es,FALSE,NA,51,NA,,NA,NA,,NA,NA,NA,NA,NA,NA,NA,NA,NA,NA
2023-01-22T20:50:05Z,1617263352673083400,1617263352673083394,@amablitz @AniquiladoresFC Los amo ü•π‚ù§Ô∏è,@amablitz @AniquiladoresFC Los amo ü•π‚ù§Ô∏è,FALSE,,"<a href=""http://twitter.com/download/iphone"" rel=""nofollow"">Twitter for iPhone</a>",1617253956199280600,1617253956199280641,61006495,61006495,amablitz,,,,NA,FALSE,121,10679,FALSE,NA,FALSE,NA,es,NA,NA,38,NA,,NA,NA,,NA,NA,NA,NA,NA,NA,NA,NA,NA,NA
2023-01-22T20:38:50Z,1617260522331639800,1617260522331639811,"Qu√© puta felicidad, qu√© viva Aniquiladores y qu√© viva la Kings League @AniquiladoresFC üí™üî¥‚ö™Ô∏è https://t.co/zMHh1H23Pw","Qu√© puta felicidad, qu√© viva Aniquiladores y qu√© viva la Kings League @AniquiladoresFC üí™üî¥‚ö™Ô∏è https://t.co/zMHh1H23Pw",FALSE,,"<a href=""http://twitter.com/download/iphone"" rel=""nofollow"">Twitter for iPhone</a>",NA,NA,NA,NA,NA,,,,NA,FALSE,987,19698,FALSE,NA,FALSE,NA,es,FALSE,NA,91,NA,,NA,NA,,NA,NA,NA,NA,NA,NA,NA,NA,NA,NA
2023-01-22T18:34:08Z,1617229140352184300,1617229140352184320,"ANIQUILADORES FC üÜö SAIYANS FC

4TA JORNADA DESDE EL CUPRA ARENA

https://t.co/ik12dIk9EX https://t.co/rMSCQInLuZ","ANIQUILADORES FC üÜö SAIYANS FC

4TA JORNADA DESDE EL CUPRA ARENA

https://t.co/ik12dIk9EX https://t.co/rMSCQInLuZ",FALSE,,"<a href=""http://twitter.com/download/iphone"" rel=""nofollow"">Twitter for iPhone</a>",NA,NA,NA,NA,NA,,,,NA,FALSE,504,15488,FALSE,NA,FALSE,NA,pt,FALSE,NA,88,NA,,NA,NA,,NA,NA,NA,NA,NA,NA,NA,NA,NA,NA
2023-01-22T17:41:27Z,1617215883432132600,1617215883432132608,"Hoy a las 12:30pm üá≤üáΩ, 7:30pm üá™üá∏, empezamos la previa desde el Cupra Arena por primera vez. Partidazo Aniquiladores üÜö Saiyans.

CON TODO @AniquiladoresFC üí™","Hoy a las 12:30pm üá≤üáΩ, 7:30pm üá™üá∏, empezamos la previa desde el Cupra Arena por primera vez. Partidazo Aniquiladores üÜö Saiyans.

CON TODO @AniquiladoresFC üí™",FALSE,,"<a href=""http://twitter.com/download/iphone"" rel=""nofollow"">Twitter for iPhone</a>",NA,NA,NA,NA,NA,,,,NA,FALSE,222,5314,FALSE,NA,FALSE,NA,es,NA,NA,154,NA,,NA,NA,,NA,NA,NA,NA,NA,NA,NA,NA,NA,NA
2023-01-22T10:42:18Z,1617110398880063500,1617110398880063490,POR FIN DOMINGO üí™,POR FIN DOMINGO üí™,FALSE,,"<a href=""http://twitter.com/download/iphone"" rel=""nofollow"">Twitter for iPhone</a>",NA,NA,NA,NA,NA,,,,NA,FALSE,190,13404,FALSE,NA,FALSE,NA,es,NA,NA,17,NA,,NA,NA,,NA,NA,NA,NA,NA,NA,NA,NA,NA,NA
2023-01-21T20:30:41Z,1616896084692836400,1616896084692836356,‚è≥ https://t.co/mWsFprk2ul,‚è≥ https://t.co/mWsFprk2ul,FALSE,,"<a href=""http://twitter.com/download/iphone"" rel=""nofollow"">Twitter for iPhone</a>",NA,NA,NA,NA,NA,,,,NA,TRUE,107,4481,FALSE,NA,FALSE,NA,art,FALSE,NA,1,NA,,1616875149243867100,1616875149243867139,,NA,NA,NA,NA,NA,NA,NA,NA,NA,NA
2023-01-21T04:06:41Z,1616648453177725e3,1616648453177724930,ü§† https://t.co/v7PzGkiWuo,ü§† https://t.co/v7PzGkiWuo,FALSE,,"<a href=""http://twitter.com/download/iphone"" rel=""nofollow"">Twitter for iPhone</a>",NA,NA,NA,NA,NA,,,,NA,TRUE,264,21701,FALSE,NA,FALSE,NA,art,FALSE,NA,1,NA,,1616646809987817500,1616646809987817472,,NA,NA,NA,NA,NA,NA,NA,NA,NA,NA
2023-01-20T20:03:36Z,1616526881234342e3,1616526881234341889,GO GO GO ü§© https://t.co/k9dJaLhfJP,GO GO GO ü§© https://t.co/k9dJaLhfJP,FALSE,,"<a href=""http://twitter.com/download/iphone"" rel=""nofollow"">Twitter for iPhone</a>",NA,NA,NA,NA,NA,,,,NA,TRUE,147,4760,FALSE,NA,FALSE,NA,en,FALSE,NA,10,NA,,1616526257268887600,1616526257268887552,,NA,NA,NA,NA,NA,NA,NA,NA,NA,NA
2023-01-20T18:07:40Z,1616497704250577e3,1616497704250576903,"CHUP CHUP KINGS PRESENCIAL DESDE BARCELONA ‚öΩÔ∏è

TODOS LOS PRESIS JUNTOS

https://t.co/ik12dIjBPp https://t.co/Eh5ObbxkyV","CHUP CHUP KINGS PRESENCIAL DESDE BARCELONA ‚öΩÔ∏è

TODOS LOS PRESIS JUNTOS

https://t.co/ik12dIjBPp https://t.co/Eh5ObbxkyV",FALSE,,"<a href=""http://twitter.com/download/iphone"" rel=""nofollow"">Twitter for iPhone</a>",NA,NA,NA,NA,NA,,,,NA,FALSE,409,15539,FALSE,NA,FALSE,NA,es,FALSE,NA,95,NA,,NA,NA,,NA,NA,NA,NA,NA,NA,NA,NA,NA,NA
2023-01-20T16:03:33Z,1616466469407101e3,1616466469407100930,Nos vemos ac√° de manera presencial a las 12pm. ü§ì https://t.co/DgaAO5dIEW,Nos vemos ac√° de manera presencial a las 12pm. ü§ì https://t.co/DgaAO5dIEW,FALSE,,"<a href=""http://twitter.com/download/iphone"" rel=""nofollow"">Twitter for iPhone</a>",NA,NA,NA,NA,NA,,,,NA,TRUE,125,4353,FALSE,NA,FALSE,NA,es,FALSE,NA,48,NA,,1616415220766843e3,1616415220766842881,,NA,NA,NA,NA,NA,NA,NA,NA,NA,NA
2023-01-20T10:59:39Z,1616389991386566700,1616389991386566656,@KOI S√ç,@KOI S√ç,FALSE,,"<a href=""http://twitter.com/download/iphone"" rel=""nofollow"">Twitter for iPhone</a>",1616389874730389500,1616389874730389504,145839961222665e4,1458399612226650114,KOI,,,,NA,FALSE,24,2386,FALSE,NA,FALSE,NA,und,NA,NA,7,NA,,NA,NA,,NA,NA,NA,NA,NA,NA,NA,NA,NA,NA
2023-01-20T10:57:39Z,1616389485658251300,1616389485658251265,HOLA BARCELONA,HOLA BARCELONA,FALSE,,"<a href=""http://twitter.com/download/iphone"" rel=""nofollow"">Twitter for iPhone</a>",NA,NA,NA,NA,NA,,,,NA,FALSE,205,18291,FALSE,NA,FALSE,NA,es,NA,NA,14,NA,,NA,NA,,NA,NA,NA,NA,NA,NA,NA,NA,NA,NA
2023-01-19T23:50:41Z,1616221640651571200,1616221640651571207,Rociodta https://t.co/H5NU26zF0p,Rociodta https://t.co/H5NU26zF0p,FALSE,,"<a href=""http://twitter.com/download/iphone"" rel=""nofollow"">Twitter for iPhone</a>",NA,NA,NA,NA,NA,,,,NA,TRUE,261,23806,FALSE,NA,FALSE,NA,hu,FALSE,NA,8,NA,,1616146667127857200,1616146667127857155,,NA,NA,NA,NA,NA,NA,NA,NA,NA,NA
2023-01-19T19:19:05Z,1616153288658780200,1616153288658780181,"@ElAlexQuackity Despu√©s de los Esland, aprovechamos el viaje üò≥","@ElAlexQuackity Despu√©s de los Esland, aprovechamos el viaje üò≥",FALSE,,"<a href=""http://twitter.com/download/iphone"" rel=""nofollow"">Twitter for iPhone</a>",1616153171440849e3,1616153171440848896,1415218313647382500,1415218313647382528,ElAlexQuackity,,,,NA,FALSE,350,14935,FALSE,NA,FALSE,NA,es,NA,NA,62,NA,,NA,NA,,NA,NA,NA,NA,NA,NA,NA,NA,NA,NA
2023-01-19T19:11:48Z,1616151454372200400,1616151454372200449,Vente a Mty unos d√≠as conmigo cul√≥n @ElAlexQuackity https://t.co/pks4n1cfLj,Vente a Mty unos d√≠as conmigo cul√≥n @ElAlexQuackity https://t.co/pks4n1cfLj,FALSE,,"<a href=""http://twitter.com/download/iphone"" rel=""nofollow"">Twitter for iPhone</a>",NA,NA,NA,NA,NA,,,,NA,TRUE,675,25053,FALSE,NA,FALSE,NA,es,FALSE,NA,51,NA,,161614723931059e4,1616147239310589953,,NA,NA,NA,NA,NA,NA,NA,NA,NA,NA
2023-01-19T18:50:50Z,1616146181557452800,1616146181557452832,@0detolife Ese mero,@0detolife Ese mero,FALSE,,"<a href=""http://twitter.com/download/iphone"" rel=""nofollow"">Twitter for iPhone</a>",1616145828938403800,1616145828938403843,433563405,433563405,0detolife,,,,NA,FALSE,14,706,FALSE,NA,FALSE,NA,es,NA,NA,19,NA,,NA,NA,,NA,NA,NA,NA,NA,NA,NA,NA,NA,NA
2023-01-19T18:48:07Z,161614549576806e4,1616145495768059904,"Tuvimos escala en Nueva York y nos fuimos a comer a un restaurante madafaker. Hoy estoy feliz, arriba el tequila.","Tuvimos escala en Nueva York y nos fuimos a comer a un restaurante madafaker. Hoy estoy feliz, arriba el tequila.",FALSE,,"<a href=""http://twitter.com/download/iphone"" rel=""nofollow"">Twitter for iPhone</a>",NA,NA,NA,NA,NA,,,,NA,FALSE,269,18013,FALSE,NA,FALSE,NA,es,NA,NA,113,NA,,NA,NA,,NA,NA,NA,NA,NA,NA,NA,NA,NA,NA
2023-01-19T02:35:07Z,1615900631037890600,1615900631037890562,https://t.co/MuR7KJtlfC,https://t.co/MuR7KJtlfC,FALSE,,"<a href=""http://twitter.com/download/iphone"" rel=""nofollow"">Twitter for iPhone</a>",NA,NA,NA,NA,NA,,,,NA,FALSE,2738,75517,FALSE,NA,FALSE,NA,zxx,FALSE,NA,0,NA,,NA,NA,,NA,NA,NA,NA,NA,NA,NA,NA,NA,NA
2023-01-18T19:14:44Z,1615789804733481e3,1615789804733480961,"MINECRAFT EXTREMO *D√çA 2* üíÄ

https://t.co/SWoeNhMdDk","MINECRAFT EXTREMO *D√çA 2* üíÄ

https://t.co/SWoeNhMdDk",FALSE,,"<a href=""https://mobile.twitter.com"" rel=""nofollow"">Twitter Web App</a>",NA,NA,NA,NA,NA,,,,NA,FALSE,189,3792,FALSE,NA,FALSE,NA,es,FALSE,NA,52,NA,,NA,NA,,NA,NA,NA,NA,NA,NA,NA,NA,NA,NA
2023-01-18T15:35:01Z,1615734513346445300,1615734513346445312,"DIRECTO TODO EL D√çA üíÄ

Empezamos platicando, luego Warzone y Minecraft Extremo.

https://t.co/SWoeNhMLsS","DIRECTO TODO EL D√çA üíÄ

Empezamos platicando, luego Warzone y Minecraft Extremo.

https://t.co/SWoeNhMLsS",FALSE,,"<a href=""https://mobile.twitter.com"" rel=""nofollow"">Twitter Web App</a>",NA,NA,NA,NA,NA,,,,NA,FALSE,209,3973,FALSE,NA,FALSE,NA,es,FALSE,NA,104,NA,,NA,NA,,NA,NA,NA,NA,NA,NA,NA,NA,NA,NA
2023-01-18T14:57:04Z,1615724964170141700,1615724964170141698,"Inicio temprano, quiero jugar CoD antes de Minecraft, nos vemos en unos minutos.","Inicio temprano, quiero jugar CoD antes de Minecraft, nos vemos en unos minutos.",FALSE,,"<a href=""http://twitter.com/download/iphone"" rel=""nofollow"">Twitter for iPhone</a>",NA,NA,NA,NA,NA,,,,NA,FALSE,145,9783,FALSE,NA,FALSE,NA,es,NA,NA,80,NA,,NA,NA,,NA,NA,NA,NA,NA,NA,NA,NA,NA,NA
2023-01-17T16:30:24Z,1615386062460956700,1615386062460956673,"MINECRAFT EXTREMO *D√çA 1*

EL HOMBRE DEL PANTANO üëπ

https://t.co/SWoeNhMLsS","MINECRAFT EXTREMO *D√çA 1*

EL HOMBRE DEL PANTANO üëπ

https://t.co/SWoeNhMLsS",FALSE,,"<a href=""https://mobile.twitter.com"" rel=""nofollow"">Twitter Web App</a>",NA,NA,NA,NA,NA,,,,NA,FALSE,265,4367,FALSE,NA,FALSE,NA,es,FALSE,NA,75,NA,,NA,NA,,NA,NA,NA,NA,NA,NA,NA,NA,NA,NA
2023-01-17T16:11:36Z,1615381333219643400,1615381333219643392,"Nos vemos en breves, hoy toca Minecraft Extremo. Tendremos un pantano que proteger. üëπ","Nos vemos en breves, hoy toca Minecraft Extremo. Tendremos un pantano que proteger. üëπ",FALSE,,"<a href=""http://twitter.com/download/iphone"" rel=""nofollow"">Twitter for iPhone</a>",NA,NA,NA,NA,NA,,,,NA,FALSE,218,12053,FALSE,NA,FALSE,NA,es,NA,NA,85,NA,,NA,NA,,NA,NA,NA,NA,NA,NA,NA,NA,NA,NA
2023-01-16T18:47:10Z,1615058093930602500,1615058093930602496,"AFTER KINGS / TERMINAMOS THE DEVIL ON ME (NETA, LO JURO) ü§ì

https://t.co/SWoeNhMLsS","AFTER KINGS / TERMINAMOS THE DEVIL ON ME (NETA, LO JURO) ü§ì

https://t.co/SWoeNhMLsS",FALSE,,"<a href=""https://mobile.twitter.com"" rel=""nofollow"">Twitter Web App</a>",NA,NA,NA,NA,NA,,,,NA,FALSE,193,3514,FALSE,NA,FALSE,NA,en,FALSE,NA,83,NA,,NA,NA,,NA,NA,NA,NA,NA,NA,NA,NA,NA,NA
2023-01-16T17:32:33Z,1615039316375265300,1615039316375265280,Nos vemos en un ratito con esto y luego termino el The Devil on Me se los juro. xddd https://t.co/Kr4KKCuEpc,Nos vemos en un ratito con esto y luego termino el The Devil on Me se los juro. xddd https://t.co/Kr4KKCuEpc,FALSE,,"<a href=""http://twitter.com/download/iphone"" rel=""nofollow"">Twitter for iPhone</a>",NA,NA,NA,NA,NA,,,,NA,TRUE,104,4276,FALSE,NA,FALSE,NA,es,FALSE,NA,84,NA,,1615037880769953800,1615037880769953792,,NA,NA,NA,NA,NA,NA,NA,NA,NA,NA
2023-01-16T14:40:17Z,1.6149959641458401e+18,1614995964145840130,@Tortilla_Land üò≥üò≥üò≥ te quiero much√≠simo ten un buen d√≠a üòä,@Tortilla_Land üò≥üò≥üò≥ te quiero much√≠simo ten un buen d√≠a üòä,FALSE,,"<a href=""http://twitter.com/download/iphone"" rel=""nofollow"">Twitter for iPhone</a>",1614995750110257200,1614995750110257153,1404546174833549300,1404546174833549314,Tortilla_Land,,,,NA,FALSE,97,6588,FALSE,NA,FALSE,NA,es,NA,NA,56,NA,,NA,NA,,NA,NA,NA,NA,NA,NA,NA,NA,NA,NA
2023-01-16T14:36:14Z,1614994945047158800,1614994945047158784,@Tortilla_Land Tu puta madre.,@Tortilla_Land Tu puta madre.,FALSE,,"<a href=""http://twitter.com/download/iphone"" rel=""nofollow"">Twitter for iPhone</a>",1614994821378375700,1614994821378375681,1404546174833549300,1404546174833549314,Tortilla_Land,,,,NA,FALSE,134,9314,FALSE,NA,FALSE,NA,es,NA,NA,29,NA,,NA,NA,,NA,NA,NA,NA,NA,NA,NA,NA,NA,NA
2023-01-16T14:35:09Z,1614994670928412700,1614994670928412673,"@ginoqual No me puede valer m√°s verga ese detalle, en verdad. Hay cosas que me valen verga, much√≠simas de hecho y a√∫n as√≠, est√° puede estar en el top 3 con una amplia diferencia.

Es una adaptaci√≥n perfecta, no jodas.","@ginoqual No me puede valer m√°s verga ese detalle, en verdad. Hay cosas que me valen verga, much√≠simas de hecho y a√∫n as√≠, est√° puede estar en el top 3 con una amplia diferencia.

Es una adaptaci√≥n perfecta, no jodas.",FALSE,,"<a href=""http://twitter.com/download/iphone"" rel=""nofollow"">Twitter for iPhone</a>",1614993535912104e3,1614993535912103937,3017785211,3017785211,ginoqual,,,,NA,FALSE,24,1083,FALSE,NA,FALSE,NA,es,NA,NA,217,NA,,NA,NA,,NA,NA,NA,NA,NA,NA,NA,NA,NA,NA
2023-01-16T14:29:32Z,1614993260010737700,1614993260010737664,The Last of Us cap√≠tulo 1: https://t.co/Y9yuITslA3,The Last of Us cap√≠tulo 1: https://t.co/Y9yuITslA3,FALSE,,"<a href=""http://twitter.com/download/iphone"" rel=""nofollow"">Twitter for iPhone</a>",NA,NA,NA,NA,NA,,,,NA,FALSE,1143,14723,FALSE,NA,FALSE,NA,es,FALSE,NA,50,NA,,NA,NA,,NA,NA,NA,NA,NA,NA,NA,NA,NA,NA
2023-01-16T02:04:34Z,1614805779743228e3,1614805779743227905,Te amo te amo te amo te amo https://t.co/duPm8hzyUf,Te amo te amo te amo te amo https://t.co/duPm8hzyUf,FALSE,,"<a href=""http://twitter.com/download/iphone"" rel=""nofollow"">Twitter for iPhone</a>",NA,NA,NA,NA,NA,,,,NA,TRUE,220,7275,FALSE,NA,FALSE,NA,pt,FALSE,NA,27,NA,,1614805637845729300,1614805637845729281,,NA,NA,NA,NA,NA,NA,NA,NA,NA,NA
2023-01-16T01:42:26Z,1614800211192299500,1614800211192299521,Qu√© cracks todos. ü•π https://t.co/AcvHVRFn9e,Qu√© cracks todos. ü•π https://t.co/AcvHVRFn9e,FALSE,,"<a href=""http://twitter.com/download/iphone"" rel=""nofollow"">Twitter for iPhone</a>",NA,NA,NA,NA,NA,,,,NA,TRUE,177,7636,FALSE,NA,FALSE,NA,es,FALSE,NA,19,NA,,1614793382156505e3,1614793382156505091,,NA,NA,NA,NA,NA,NA,NA,NA,NA,NA
2023-01-16T00:57:30Z,1614788901989646300,1614788901989646336,https://t.co/zIWYKCkt5v,https://t.co/zIWYKCkt5v,FALSE,,"<a href=""http://twitter.com/download/iphone"" rel=""nofollow"">Twitter for iPhone</a>",NA,NA,NA,NA,NA,,,,NA,FALSE,1908,75676,FALSE,NA,FALSE,NA,zxx,FALSE,NA,0,NA,,NA,NA,,NA,NA,NA,NA,NA,NA,NA,NA,NA,NA
2023-01-15T19:20:58Z,1614704210687271e3,1614704210687270913,"He vuelto, damas y caballeros.

ANIQUILADORES FC üÜö EL BARRIO / 3RA JORNADA ‚öΩÔ∏è

Luego de eso har√© m√°s cositas.

https://t.co/ik12dIjBPp https://t.co/7DBvH5yVOl","He vuelto, damas y caballeros.

ANIQUILADORES FC üÜö EL BARRIO / 3RA JORNADA ‚öΩÔ∏è

Luego de eso har√© m√°s cositas.

https://t.co/ik12dIjBPp https://t.co/7DBvH5yVOl",FALSE,,"<a href=""http://twitter.com/download/iphone"" rel=""nofollow"">Twitter for iPhone</a>",NA,NA,NA,NA,NA,,,,NA,FALSE,255,5956,FALSE,NA,FALSE,NA,es,FALSE,NA,134,NA,,NA,NA,,NA,NA,NA,NA,NA,NA,NA,NA,NA,NA
2023-01-15T18:13:04Z,1614687125311729700,1614687125311729664,POR QU√â KUNI NO HA PRENDIDO DIRECTO?,POR QU√â KUNI NO HA PRENDIDO DIRECTO?,FALSE,,"<a href=""http://twitter.com/download/iphone"" rel=""nofollow"">Twitter for iPhone</a>",NA,NA,NA,NA,NA,,,,NA,FALSE,224,24281,FALSE,NA,FALSE,NA,es,NA,NA,36,NA,,NA,NA,,NA,NA,NA,NA,NA,NA,NA,NA,NA,NA
2023-01-15T18:06:37Z,1614685500664680400,1614685500664680455,@ElAlexQuackity Quackity se va a morir,@ElAlexQuackity Quackity se va a morir,FALSE,,"<a href=""http://twitter.com/download/iphone"" rel=""nofollow"">Twitter for iPhone</a>",1614685327007826e3,1614685327007825923,1415218313647382500,1415218313647382528,ElAlexQuackity,,,,NA,FALSE,623,23951,FALSE,NA,FALSE,NA,es,NA,NA,38,NA,,NA,NA,,NA,NA,NA,NA,NA,NA,NA,NA,NA,NA
2023-01-15T17:59:12Z,1614683635700883500,1614683635700883461,Dj Mario se va a morir,Dj Mario se va a morir,FALSE,,"<a href=""http://twitter.com/download/iphone"" rel=""nofollow"">Twitter for iPhone</a>",NA,NA,NA,NA,NA,,,,NA,FALSE,571,43764,FALSE,NA,FALSE,NA,es,NA,NA,22,NA,,NA,NA,,NA,NA,NA,NA,NA,NA,NA,NA,NA,NA
2023-01-15T15:02:39Z,1614639204478390300,1614639204478390275,"Hoy tercera jornada, partido important√≠simo contra El Barrio de Adri Contreras. Nos vemos a la 1pm para la previa, luego del partido seguir√© en directo.

HOY SE GANA @AniquiladoresFC üí™ https://t.co/32BlB3oPvR","Hoy tercera jornada, partido important√≠simo contra El Barrio de Adri Contreras. Nos vemos a la 1pm para la previa, luego del partido seguir√© en directo.

HOY SE GANA @AniquiladoresFC üí™ https://t.co/32BlB3oPvR",FALSE,,"<a href=""http://twitter.com/download/iphone"" rel=""nofollow"">Twitter for iPhone</a>",NA,NA,NA,NA,NA,,,,NA,FALSE,207,5226,FALSE,NA,FALSE,NA,es,FALSE,NA,184,NA,,NA,NA,,NA,NA,NA,NA,NA,NA,NA,NA,NA,NA
2023-01-15T14:39:49Z,1614633457119813600,1614633457119813633,Alguien sabe qu√© modelo de coche es? Est√° bonito https://t.co/cd7x5VwkaT,Alguien sabe qu√© modelo de coche es? Est√° bonito https://t.co/cd7x5VwkaT,FALSE,,"<a href=""http://twitter.com/download/iphone"" rel=""nofollow"">Twitter for iPhone</a>",NA,NA,NA,NA,NA,,,,NA,TRUE,872,42134,FALSE,NA,FALSE,NA,es,FALSE,NA,48,NA,,1614632468325494800,1614632468325494784,,NA,NA,NA,NA,NA,NA,NA,NA,NA,NA
2023-01-15T14:20:25Z,1614628574991884300,1614628574991884289,"@angie_cr18 No no, despu√©s del partido me quedo. ü§ì","@angie_cr18 No no, despu√©s del partido me quedo. ü§ì",FALSE,,"<a href=""http://twitter.com/download/iphone"" rel=""nofollow"">Twitter for iPhone</a>",1614626711332692e3,1614626711332691969,728793388883968e3,728793388883968000,angie_cr18,,,,NA,FALSE,46,3095,FALSE,NA,FALSE,NA,es,NA,NA,50,NA,,NA,NA,,NA,NA,NA,NA,NA,NA,NA,NA,NA,NA
2023-01-15T04:19:16Z,1614477292897726500,1614477292897726464,@Jooshim_ @PieroSwift_ No creo,@Jooshim_ @PieroSwift_ No creo,FALSE,,"<a href=""http://twitter.com/download/iphone"" rel=""nofollow"">Twitter for iPhone</a>",1614475720155177e3,1614475720155176964,743115758188781600,743115758188781568,Jooshim_,,,,NA,FALSE,6,515,FALSE,NA,FALSE,NA,es,NA,NA,30,NA,,NA,NA,,NA,NA,NA,NA,NA,NA,NA,NA,NA,NA
2023-01-15T03:53:22Z,1614470773971849200,1614470773971849216,@RyukYukihira üñïüñïüñïüñïüñïüñïüñïüñïüñïüñï,@RyukYukihira üñïüñïüñïüñïüñïüñïüñïüñïüñïüñï,FALSE,,"<a href=""http://twitter.com/download/iphone"" rel=""nofollow"">Twitter for iPhone</a>",1614470695983124500,1614470695983124487,1308676188492226600,1308676188492226560,RyukYukihira,,,,NA,FALSE,7,477,FALSE,NA,FALSE,NA,und,NA,NA,24,NA,,NA,NA,,NA,NA,NA,NA,NA,NA,NA,NA,NA,NA
2023-01-15T03:43:45Z,1614468351543373800,1614468351543373825,"@nicmast1 @PieroSwift_ Se uni√≥ al mame el otro est√∫pido, ¬°bienvenido!","@nicmast1 @PieroSwift_ Se uni√≥ al mame el otro est√∫pido, ¬°bienvenido!",FALSE,,"<a href=""http://twitter.com/download/iphone"" rel=""nofollow"">Twitter for iPhone</a>",1614468081320853500,1614468081320853505,1066058239970816e3,1066058239970816000,nicmast1,,,,NA,FALSE,20,829,FALSE,NA,FALSE,NA,es,NA,NA,69,NA,,NA,NA,,NA,NA,NA,NA,NA,NA,NA,NA,NA,NA
2023-01-15T03:41:25Z,1614467766165151700,1614467766165151746,"@arimimariposita Es la de √Åfrica? Chidita, m√°s porque hay una ni√±a que se llama ESPN jajaja.","@arimimariposita Es la de √Åfrica? Chidita, m√°s porque hay una ni√±a que se llama ESPN jajaja.",FALSE,,"<a href=""http://twitter.com/download/iphone"" rel=""nofollow"">Twitter for iPhone</a>",1614467021244178400,1614467021244178432,1514725325409816600,1514725325409816577,arimimariposita,,,,NA,FALSE,14,350,FALSE,NA,FALSE,NA,es,NA,NA,92,NA,,NA,NA,,NA,NA,NA,NA,NA,NA,NA,NA,NA,NA
2023-01-15T03:40:55Z,1614467640801595400,1614467640801595392,"@anadeari Ana borra el tweet, por fa. Es que me puso de muy mal humor, por fa.","@anadeari Ana borra el tweet, por fa. Es que me puso de muy mal humor, por fa.",FALSE,,"<a href=""http://twitter.com/download/iphone"" rel=""nofollow"">Twitter for iPhone</a>",1614466780008968200,1614466780008968192,1332765537097674800,1332765537097674757,anadeari,,,,NA,FALSE,11,785,FALSE,NA,FALSE,NA,es,NA,NA,78,NA,,NA,NA,,NA,NA,NA,NA,NA,NA,NA,NA,NA,NA
2023-01-15T03:32:14Z,1614465455938490400,1614465455938490369,@hsfallie La direcci√≥n de esa pel√≠cula deb√≠a ser considerada delito internacional.,@hsfallie La direcci√≥n de esa pel√≠cula deb√≠a ser considerada delito internacional.,FALSE,,"<a href=""http://twitter.com/download/iphone"" rel=""nofollow"">Twitter for iPhone</a>",1614465169194897400,1614465169194897409,1315433922,1315433922,hsfallie,,,,NA,FALSE,24,3212,FALSE,NA,FALSE,NA,es,NA,NA,82,NA,,NA,NA,,NA,NA,NA,NA,NA,NA,NA,NA,NA,NA
2023-01-15T03:25:58Z,1614463878468960300,1614463878468960257,"@PieroSwift_ @luislarumbeg Piero eres un est√∫pido. Cuando comienzo a creer que no eres est√∫pido te esmeras en demostrar que s√≠ lo eres.

Mira Diamantes en Bruto, est√∫pido.","@PieroSwift_ @luislarumbeg Piero eres un est√∫pido. Cuando comienzo a creer que no eres est√∫pido te esmeras en demostrar que s√≠ lo eres.

Mira Diamantes en Bruto, est√∫pido.",FALSE,,"<a href=""http://twitter.com/download/iphone"" rel=""nofollow"">Twitter for iPhone</a>",1614463292235210800,1614463292235210752,847230660834021400,847230660834021376,PieroSwift_,,,,NA,FALSE,47,2394,FALSE,NA,FALSE,NA,es,NA,NA,171,NA,,NA,NA,,NA,NA,NA,NA,NA,NA,NA,NA,NA,NA
2023-01-15T03:24:26Z,1614463491833999400,1614463491833999360,"@xime_pululunga √önica y exclusivamente por la ni√±a bareguerebareguere espa√±ola, ella es la cereza del pastel.","@xime_pululunga √önica y exclusivamente por la ni√±a bareguerebareguere espa√±ola, ella es la cereza del pastel.",FALSE,,"<a href=""http://twitter.com/download/iphone"" rel=""nofollow"">Twitter for iPhone</a>",1614462333497e6,1614462333496999936,1480390840442925e3,1480390840442925058,xime_pululunga,,,,NA,FALSE,23,726,FALSE,NA,FALSE,NA,es,NA,NA,109,NA,,NA,NA,,NA,NA,NA,NA,NA,NA,NA,NA,NA,NA
2023-01-15T03:18:54Z,1614462100197474300,1614462100197474305,"@luislarumbeg ¬øAcaso hablas de Diamantes en Bruto, Una Esposa de Mentira o de Como si Fuera la Primera Vez?","@luislarumbeg ¬øAcaso hablas de Diamantes en Bruto, Una Esposa de Mentira o de Como si Fuera la Primera Vez?",FALSE,,"<a href=""http://twitter.com/download/iphone"" rel=""nofollow"">Twitter for iPhone</a>",1614461380303765500,1614461380303765506,144657801,144657801,luislarumbeg,,,,NA,FALSE,56,5209,FALSE,NA,FALSE,NA,es,NA,NA,107,NA,,NA,NA,,NA,NA,NA,NA,NA,NA,NA,NA,NA,NA
2023-01-15T03:15:24Z,1614461220953751600,1614461220953751554,"Prefiero ver Son Como Ni√±os 2 que Miss Universo.

Odio Son Como Ni√±os 2.","Prefiero ver Son Como Ni√±os 2 que Miss Universo.

Odio Son Como Ni√±os 2.",FALSE,,"<a href=""http://twitter.com/download/iphone"" rel=""nofollow"">Twitter for iPhone</a>",NA,NA,NA,NA,NA,,,,NA,FALSE,944,55228,FALSE,NA,FALSE,NA,es,NA,NA,72,NA,,NA,NA,,NA,NA,NA,NA,NA,NA,NA,NA,NA,NA
2023-01-14T20:22:16Z,1614357250432196600,1614357250432196608,@TheGrefg Si todo sale bien te lo llevo contra Saiyans üòå,@TheGrefg Si todo sale bien te lo llevo contra Saiyans üòå,FALSE,,"<a href=""http://twitter.com/download/iphone"" rel=""nofollow"">Twitter for iPhone</a>",1614348665862103e3,1614348665862103041,1056396672,1056396672,TheGrefg,,,,NA,FALSE,46,3643,FALSE,NA,FALSE,NA,es,NA,NA,56,NA,,NA,NA,,NA,NA,NA,NA,NA,NA,NA,NA,NA,NA
2023-01-14T20:21:23Z,1614357028649959400,1614357028649959425,Qu√© perras ganas de ver YA la serie de TLOU ü•∫,Qu√© perras ganas de ver YA la serie de TLOU ü•∫,FALSE,,"<a href=""http://twitter.com/download/iphone"" rel=""nofollow"">Twitter for iPhone</a>",NA,NA,NA,NA,NA,,,,NA,FALSE,476,14214,FALSE,NA,FALSE,NA,es,NA,NA,45,NA,,NA,NA,,NA,NA,NA,NA,NA,NA,NA,NA,NA,NA
2023-01-14T20:06:04Z,1614353172570456e3,1614353172570456064,"@ElAlexQuackity Apoco hay balazos en Detroit, M√≠chigan?","@ElAlexQuackity Apoco hay balazos en Detroit, M√≠chigan?",FALSE,,"<a href=""http://twitter.com/download/iphone"" rel=""nofollow"">Twitter for iPhone</a>",1614352805351018500,1614352805351018497,1415218313647382500,1415218313647382528,ElAlexQuackity,,,,NA,FALSE,260,10397,FALSE,NA,FALSE,NA,es,NA,NA,55,NA,,NA,NA,,NA,NA,NA,NA,NA,NA,NA,NA,NA,NA
2023-01-14T20:00:02Z,1614351654412849200,1614351654412849155,@ElAlexQuackity Y luego el ba√±o le succiona bien fuerte cuando le bajas le hace como fiuuuuuuuuuuuuuuuuuuuuuum,@ElAlexQuackity Y luego el ba√±o le succiona bien fuerte cuando le bajas le hace como fiuuuuuuuuuuuuuuuuuuuuuum,FALSE,,"<a href=""http://twitter.com/download/iphone"" rel=""nofollow"">Twitter for iPhone</a>",1614349556132769800,1614349556132769792,1415218313647382500,1415218313647382528,ElAlexQuackity,,,,NA,FALSE,322,14140,FALSE,NA,FALSE,NA,es,NA,NA,110,NA,,NA,NA,,NA,NA,NA,NA,NA,NA,NA,NA,NA,NA
2023-01-14T19:06:02Z,1614338064003879e3,1614338064003878914,SI GOKU EST√Å CONMIGO QUI√âN CONTRA M√ç https://t.co/hmd6XvH94f,SI GOKU EST√Å CONMIGO QUI√âN CONTRA M√ç https://t.co/hmd6XvH94f,FALSE,,"<a href=""http://twitter.com/download/iphone"" rel=""nofollow"">Twitter for iPhone</a>",NA,NA,NA,NA,NA,,,,NA,TRUE,202,10442,FALSE,NA,FALSE,NA,es,FALSE,NA,36,NA,,1614337320722829300,1614337320722829313,,NA,NA,NA,NA,NA,NA,NA,NA,NA,NA
2023-01-14T18:52:52Z,1614334753334771700,1614334753334771712,@Tortilla_Land no,@Tortilla_Land no,FALSE,,"<a href=""https://mobile.twitter.com"" rel=""nofollow"">Twitter Web App</a>",1614241859580174300,1614241859580174338,1404546174833549300,1404546174833549314,Tortilla_Land,,,,NA,FALSE,97,7691,FALSE,NA,FALSE,NA,und,NA,NA,17,NA,,NA,NA,,NA,NA,NA,NA,NA,NA,NA,NA,NA,NA
2023-01-14T18:42:30Z,1614332143240634400,1614332143240634369,https://t.co/Beo2qAWkEt,https://t.co/Beo2qAWkEt,FALSE,,"<a href=""http://twitter.com/download/iphone"" rel=""nofollow"">Twitter for iPhone</a>",NA,NA,NA,NA,NA,,,,NA,FALSE,1727,57996,FALSE,NA,FALSE,NA,zxx,FALSE,NA,0,NA,,NA,NA,,NA,NA,NA,NA,NA,NA,NA,NA,NA,NA
2023-01-14T18:11:31Z,1614324346293715e3,1614324346293714944,"Aprovech√© a limpiar y reacomodar cosas del estudio, nos vemos ma√±ana entonces. Empezamos tempranito.","Aprovech√© a limpiar y reacomodar cosas del estudio, nos vemos ma√±ana entonces. Empezamos tempranito.",FALSE,,"<a href=""http://twitter.com/download/iphone"" rel=""nofollow"">Twitter for iPhone</a>",1614292890699681800,1614292890699681799,285081945,285081945,JuanSGuarnizo,,,,NA,FALSE,57,4640,FALSE,NA,FALSE,NA,es,NA,NA,100,NA,,NA,NA,,NA,NA,NA,NA,NA,NA,NA,NA,NA,NA
2023-01-14T16:26:38Z,1614297952209485800,1614297952209485824,No olvido. No perdono. Este sufre porque sufre. https://t.co/SgK02FqM0x,No olvido. No perdono. Este sufre porque sufre. https://t.co/SgK02FqM0x,FALSE,,"<a href=""http://twitter.com/download/iphone"" rel=""nofollow"">Twitter for iPhone</a>",NA,NA,NA,NA,NA,,,,NA,TRUE,244,8110,FALSE,NA,FALSE,NA,es,FALSE,NA,47,NA,,1614294403585134600,1614294403585134592,,NA,NA,NA,NA,NA,NA,NA,NA,NA,NA
2023-01-14T16:06:31Z,1614292890699681800,1614292890699681799,"Llegu√© a Monterrey, ya me chingu√© unos taquitos ma√±aneros entonces estoy contento.

Mi mam√° me anda ayudando a quitar el √°rbol navide√±o y en la noche tengo un compromiso. A√∫n no s√© si prenda o hasta ma√±ana, les ir√© avisando. ü§ì","Llegu√© a Monterrey, ya me chingu√© unos taquitos ma√±aneros entonces estoy contento.

Mi mam√° me anda ayudando a quitar el √°rbol navide√±o y en la noche tengo un compromiso. A√∫n no s√© si prenda o hasta ma√±ana, les ir√© avisando. ü§ì",FALSE,,"<a href=""http://twitter.com/download/iphone"" rel=""nofollow"">Twitter for iPhone</a>",NA,NA,NA,NA,NA,,,,NA,FALSE,277,15585,FALSE,NA,FALSE,NA,es,NA,NA,226,NA,,NA,NA,,NA,NA,NA,NA,NA,NA,NA,NA,NA,NA
2023-01-13T22:50:17Z,1614032113061462e3,1614032113061462016,üëÄ https://t.co/p9S7LCNo8v https://t.co/i3mfMXSLD7,üëÄ https://t.co/p9S7LCNo8v https://t.co/i3mfMXSLD7,FALSE,,"<a href=""http://twitter.com/download/iphone"" rel=""nofollow"">Twitter for iPhone</a>",NA,NA,NA,NA,NA,,,,NA,TRUE,138,7781,FALSE,NA,FALSE,NA,und,FALSE,NA,25,NA,,1614029760132153300,1614029760132153350,,NA,NA,NA,NA,NA,NA,NA,NA,NA,NA
2023-01-13T21:54:39Z,1614018113418461200,1614018113418461185,Qu√© viva la Kings League,Qu√© viva la Kings League,FALSE,,"<a href=""http://twitter.com/download/iphone"" rel=""nofollow"">Twitter for iPhone</a>",NA,NA,NA,NA,NA,,,,NA,FALSE,585,33124,FALSE,NA,FALSE,NA,es,NA,NA,24,NA,,NA,NA,,NA,NA,NA,NA,NA,NA,NA,NA,NA,NA
2023-01-13T19:19:51Z,1613979156701925400,1613979156701925376,"Tratar√© de estar en el canal de la liga desde el aeropuerto un ratito, si algo nos vemos por all√°. üëÄ","Tratar√© de estar en el canal de la liga desde el aeropuerto un ratito, si algo nos vemos por all√°. üëÄ",FALSE,,"<a href=""http://twitter.com/download/iphone"" rel=""nofollow"">Twitter for iPhone</a>",1613948474864668700,1613948474864668672,285081945,285081945,JuanSGuarnizo,,,,NA,FALSE,41,4958,FALSE,NA,FALSE,NA,es,NA,NA,100,NA,,NA,NA,,NA,NA,NA,NA,NA,NA,NA,NA,NA,NA
2023-01-13T17:17:56Z,1613948474864668700,1613948474864668672,"En unas horas vuelo de regreso a M√©xico, me la pas√© incre√≠ble estos d√≠as. Llego el s√°bado temprano a casa, depende de qu√© tan fuerte me pegue el viaje nos vemos o ma√±ana o hasta el domingo. üòå","En unas horas vuelo de regreso a M√©xico, me la pas√© incre√≠ble estos d√≠as. Llego el s√°bado temprano a casa, depende de qu√© tan fuerte me pegue el viaje nos vemos o ma√±ana o hasta el domingo. üòå",FALSE,,"<a href=""http://twitter.com/download/iphone"" rel=""nofollow"">Twitter for iPhone</a>",NA,NA,NA,NA,NA,,,,NA,FALSE,273,15647,FALSE,NA,FALSE,NA,es,NA,NA,191,NA,,NA,NA,,NA,NA,NA,NA,NA,NA,NA,NA,NA,NA
2023-01-12T13:58:17Z,1613535842407948300,1613535842407948290,200% seguro que si Piqu√© hiciera una tiradera ser√≠a a el gilipollas que le spoile√≥ Naruto y le arruin√≥ el finde.,200% seguro que si Piqu√© hiciera una tiradera ser√≠a a el gilipollas que le spoile√≥ Naruto y le arruin√≥ el finde.,FALSE,,"<a href=""http://twitter.com/download/iphone"" rel=""nofollow"">Twitter for iPhone</a>",NA,NA,NA,NA,NA,,,,NA,FALSE,1943,61148,FALSE,NA,FALSE,NA,es,NA,NA,112,NA,,NA,NA,,NA,NA,NA,NA,NA,NA,NA,NA,NA,NA
2023-01-12T11:18:53Z,1613495729376436200,1613495729376436225,"@KamalaLaBuena La parte m√°s basada es la del Twingo, es un carro muy feo (mi familia tuvo uno cuando era peque√±o). xd","@KamalaLaBuena La parte m√°s basada es la del Twingo, es un carro muy feo (mi familia tuvo uno cuando era peque√±o). xd",FALSE,,"<a href=""http://twitter.com/download/iphone"" rel=""nofollow"">Twitter for iPhone</a>",1613495445707178e3,1613495445707177985,1325210535034564600,1325210535034564611,KamalaLaBuena,,,,NA,FALSE,30,4656,FALSE,NA,FALSE,NA,es,NA,NA,117,NA,,NA,NA,,NA,NA,NA,NA,NA,NA,NA,NA,NA,NA
2023-01-12T11:17:25Z,1613495357400309800,1613495357400309763,Igual viendo c√≥mo reaccion√≥ internet con la sesi√≥n creo que no les hubiera gustado mucho mi reacci√≥n. üëÄ,Igual viendo c√≥mo reaccion√≥ internet con la sesi√≥n creo que no les hubiera gustado mucho mi reacci√≥n. üëÄ,FALSE,,"<a href=""http://twitter.com/download/iphone"" rel=""nofollow"">Twitter for iPhone</a>",NA,NA,NA,NA,NA,,,,NA,FALSE,431,50730,FALSE,NA,FALSE,NA,es,NA,NA,103,NA,,NA,NA,,NA,NA,NA,NA,NA,NA,NA,NA,NA,NA
2023-01-12T11:15:56Z,1613494984400838700,1613494984400838656,"@CooLifeGame Residente, FUERON 9 MINUTOS O ALGO AS√ç. Lo otro se siente m√°s ligth.","@CooLifeGame Residente, FUERON 9 MINUTOS O ALGO AS√ç. Lo otro se siente m√°s ligth.",FALSE,,"<a href=""http://twitter.com/download/iphone"" rel=""nofollow"">Twitter for iPhone</a>",1613493266497900500,1613493266497900544,475078654,475078654,CooLifeGame,,,,NA,FALSE,52,5750,FALSE,NA,FALSE,NA,es,NA,NA,81,NA,,NA,NA,,NA,NA,NA,NA,NA,NA,NA,NA,NA,NA
2023-01-12T00:15:15Z,1613328720227451e3,1613328720227450881,alv,alv,FALSE,,"<a href=""http://twitter.com/download/iphone"" rel=""nofollow"">Twitter for iPhone</a>",NA,NA,NA,NA,NA,,,,NA,FALSE,1111,55995,FALSE,NA,FALSE,NA,qst,NA,NA,3,NA,,NA,NA,,NA,NA,NA,NA,NA,NA,NA,NA,NA,NA
2023-01-12T00:15:04Z,1613328671447871500,1613328671447871490,@ElAlexQuackity Creo que s√≠ amigo creo que habla expl√≠citamente de ti,@ElAlexQuackity Creo que s√≠ amigo creo que habla expl√≠citamente de ti,FALSE,,"<a href=""http://twitter.com/download/iphone"" rel=""nofollow"">Twitter for iPhone</a>",1613328268568195e3,1613328268568195073,1415218313647382500,1415218313647382528,ElAlexQuackity,,,,NA,FALSE,907,45894,FALSE,NA,FALSE,NA,es,NA,NA,69,NA,,NA,NA,,NA,NA,NA,NA,NA,NA,NA,NA,NA,NA
2023-01-11T18:27:24Z,1613241181537722400,1613241181537722370,@rodricarreraaa Qu√© linda foto de mierda,@rodricarreraaa Qu√© linda foto de mierda,FALSE,,"<a href=""http://twitter.com/download/iphone"" rel=""nofollow"">Twitter for iPhone</a>",1613236150486933500,1613236150486933505,2177946643,2177946643,rodricarreraaa,,,,NA,FALSE,230,13811,FALSE,NA,FALSE,NA,es,NA,NA,40,NA,,NA,NA,,NA,NA,NA,NA,NA,NA,NA,NA,NA,NA
2023-01-11T17:26:59Z,1613225976023945200,1613225976023945225,"Feliz cumplea√±os inmundo animal

https://t.co/EwiPxUMp1K https://t.co/y7XojMaDsG","Feliz cumplea√±os inmundo animal

https://t.co/EwiPxUMp1K https://t.co/y7XojMaDsG",FALSE,,"<a href=""http://twitter.com/download/iphone"" rel=""nofollow"">Twitter for iPhone</a>",NA,NA,NA,NA,NA,,,,NA,FALSE,1885,45250,FALSE,NA,FALSE,NA,es,FALSE,NA,56,NA,,NA,NA,,NA,NA,NA,NA,NA,NA,NA,NA,NA,NA
2023-01-11T13:02:43Z,1613159469688438800,1613159469688438786,@KOI üíú,@KOI üíú,FALSE,,"<a href=""http://twitter.com/download/iphone"" rel=""nofollow"">Twitter for iPhone</a>",1613153807139049500,1613153807139049472,145839961222665e4,1458399612226650114,KOI,,,,NA,FALSE,55,7655,FALSE,NA,FALSE,NA,und,NA,NA,6,NA,,NA,NA,,NA,NA,NA,NA,NA,NA,NA,NA,NA,NA
2023-01-11T12:12:13Z,1613146759819149300,1613146759819149312,"Como muchos sabr√°n hoy es un d√≠a muy importante para m√≠: hace 2 a√±os sali√≥ la √©pica skin de TheGrefg.

Ah y tambi√©n es mi cumplea√±os, gracias por sus mensajes bonitos. ‚ù§Ô∏è https://t.co/s5ZFGhrGFP","Como muchos sabr√°n hoy es un d√≠a muy importante para m√≠: hace 2 a√±os sali√≥ la √©pica skin de TheGrefg.

Ah y tambi√©n es mi cumplea√±os, gracias por sus mensajes bonitos. ‚ù§Ô∏è https://t.co/s5ZFGhrGFP",FALSE,,"<a href=""http://twitter.com/download/iphone"" rel=""nofollow"">Twitter for iPhone</a>",NA,NA,NA,NA,NA,,,,NA,FALSE,1407,64007,FALSE,NA,FALSE,NA,es,FALSE,NA,170,NA,,NA,NA,,NA,NA,NA,NA,NA,NA,NA,NA,NA,NA
2023-01-10T19:48:25Z,1612899179906359300,1612899179906359296,"No, cumple t√∫ otro d√≠a. Pestilente. https://t.co/K0rRgFv1mY","No, cumple t√∫ otro d√≠a. Pestilente. https://t.co/K0rRgFv1mY",FALSE,,"<a href=""http://twitter.com/download/iphone"" rel=""nofollow"">Twitter for iPhone</a>",NA,NA,NA,NA,NA,,,,NA,TRUE,228,9989,FALSE,NA,FALSE,NA,es,FALSE,NA,35,NA,,1612892246453457e3,1612892246453456919,,NA,NA,NA,NA,NA,NA,NA,NA,NA,NA
2023-01-10T19:12:24Z,1612890117081043e3,1612890117081042944,Estoy a 4 horas de estar a s√≥lo un a√±o del Club de los 27. Se viene genteee. ü§ôü§ôü§ôü§ô,Estoy a 4 horas de estar a s√≥lo un a√±o del Club de los 27. Se viene genteee. ü§ôü§ôü§ôü§ô,FALSE,,"<a href=""http://twitter.com/download/iphone"" rel=""nofollow"">Twitter for iPhone</a>",NA,NA,NA,NA,NA,,,,NA,FALSE,355,21764,FALSE,NA,FALSE,NA,es,NA,NA,81,NA,,NA,NA,,NA,NA,NA,NA,NA,NA,NA,NA,NA,NA
2023-01-10T19:04:56Z,1612888235717595100,1612888235717595137,"@hopesinbiebs @arigameplays Wow, tus fotos son much√≠simo mejores que las nuestras jajaja","@hopesinbiebs @arigameplays Wow, tus fotos son much√≠simo mejores que las nuestras jajaja",FALSE,,"<a href=""http://twitter.com/download/iphone"" rel=""nofollow"">Twitter for iPhone</a>",1612885434341724200,1612885434341724184,579911342,579911342,hopesinbiebs,,,,NA,FALSE,26,4221,FALSE,NA,FALSE,NA,es,NA,NA,88,NA,,NA,NA,,NA,NA,NA,NA,NA,NA,NA,NA,NA,NA
2023-01-10T17:49:08Z,1612869161759154200,1612869161759154177,@DonReborn2 @ashleyispunk @auronplay NO,@DonReborn2 @ashleyispunk @auronplay NO,FALSE,,"<a href=""http://twitter.com/download/iphone"" rel=""nofollow"">Twitter for iPhone</a>",1612842414485520400,1612842414485520387,1188895278801309700,1188895278801309696,DonReborn2,,,,NA,FALSE,84,5648,FALSE,NA,FALSE,NA,und,NA,NA,39,NA,,NA,NA,,NA,NA,NA,NA,NA,NA,NA,NA,NA,NA
2023-01-10T17:33:31Z,1612865231453130800,1612865231453130775,"Mi foto favorita en la vida, gracias por capturar este bonito recuerdo, @arigameplays. ‚ù§Ô∏è https://t.co/agwwZAcpZr","Mi foto favorita en la vida, gracias por capturar este bonito recuerdo, @arigameplays. ‚ù§Ô∏è https://t.co/agwwZAcpZr",FALSE,,"<a href=""http://twitter.com/download/iphone"" rel=""nofollow"">Twitter for iPhone</a>",NA,NA,NA,NA,NA,,,,NA,FALSE,989,40394,FALSE,NA,FALSE,NA,es,FALSE,NA,89,NA,,NA,NA,,NA,NA,NA,NA,NA,NA,NA,NA,NA,NA
2023-01-09T15:55:16Z,1612478117771370500,1612478117771370501,Te amo te amo te amo https://t.co/hrau06Fe2N,Te amo te amo te amo https://t.co/hrau06Fe2N,FALSE,,"<a href=""http://twitter.com/download/iphone"" rel=""nofollow"">Twitter for iPhone</a>",NA,NA,NA,NA,NA,,,,NA,FALSE,967,46417,FALSE,NA,FALSE,NA,pt,FALSE,NA,20,NA,,NA,NA,,NA,NA,NA,NA,NA,NA,NA,NA,NA,NA
2023-01-09T14:55:23Z,1612463046676340700,1612463046676340740,@rodricarreraaa @Robleis01 X2,@rodricarreraaa @Robleis01 X2,FALSE,,"<a href=""http://twitter.com/download/iphone"" rel=""nofollow"">Twitter for iPhone</a>",1612184641271697400,1612184641271697410,2177946643,2177946643,rodricarreraaa,,,,NA,FALSE,106,8769,FALSE,NA,FALSE,NA,und,NA,NA,29,NA,,NA,NA,,NA,NA,NA,NA,NA,NA,NA,NA,NA,NA
2023-01-09T14:44:54Z,1612460412011974700,1612460412011974656,"@ko_nan_do Seg√∫n no, no hemos tenido malas experiencias","@ko_nan_do Seg√∫n no, no hemos tenido malas experiencias",FALSE,,"<a href=""http://twitter.com/download/iphone"" rel=""nofollow"">Twitter for iPhone</a>",1612458397042974700,1612458397042974722,1554928186718404600,1554928186718404610,ko_nan_do,,,,NA,FALSE,7,592,FALSE,NA,FALSE,NA,es,NA,NA,55,NA,,NA,NA,,NA,NA,NA,NA,NA,NA,NA,NA,NA,NA
2023-01-09T14:35:28Z,1612458035284414500,1612458035284414469,@PieroSwift_ Pendejo animal,@PieroSwift_ Pendejo animal,FALSE,,"<a href=""http://twitter.com/download/iphone"" rel=""nofollow"">Twitter for iPhone</a>",1612457954669912e3,1612457954669912066,847230660834021400,847230660834021376,PieroSwift_,,,,NA,FALSE,16,749,FALSE,NA,FALSE,NA,es,NA,NA,27,NA,,NA,NA,,NA,NA,NA,NA,NA,NA,NA,NA,NA,NA
2023-01-09T14:34:20Z,1612457750004482e3,1612457750004482048,"@PieroSwift_ Comen muy a lo quesudo y grasoso, si cuesta terminarse un plato xd","@PieroSwift_ Comen muy a lo quesudo y grasoso, si cuesta terminarse un plato xd",FALSE,,"<a href=""http://twitter.com/download/iphone"" rel=""nofollow"">Twitter for iPhone</a>",1612457481258819600,1612457481258819584,847230660834021400,847230660834021376,PieroSwift_,,,,NA,FALSE,11,1066,FALSE,NA,FALSE,NA,es,NA,NA,79,NA,,NA,NA,,NA,NA,NA,NA,NA,NA,NA,NA,NA,NA
2023-01-09T14:32:45Z,1612457351508021200,1612457351508021250,"√Åmsterdam es la verga, su gente es la verga y mi compa√±√≠a es la verga.","√Åmsterdam es la verga, su gente es la verga y mi compa√±√≠a es la verga.",FALSE,,"<a href=""http://twitter.com/download/iphone"" rel=""nofollow"">Twitter for iPhone</a>",NA,NA,NA,NA,NA,,,,NA,FALSE,262,20247,FALSE,NA,FALSE,NA,es,NA,NA,70,NA,,NA,NA,,NA,NA,NA,NA,NA,NA,NA,NA,NA,NA
2023-01-08T18:15:59Z,1612151141109833700,1612151141109833735,@DjMaRiiO Gracias amigo ‚ù§Ô∏è,@DjMaRiiO Gracias amigo ‚ù§Ô∏è,FALSE,,"<a href=""http://twitter.com/download/iphone"" rel=""nofollow"">Twitter for iPhone</a>",1612151073732718600,1612151073732718592,202535200,202535200,DjMaRiiO,,,,NA,FALSE,38,3935,FALSE,NA,FALSE,NA,es,NA,NA,26,NA,,NA,NA,,NA,NA,NA,NA,NA,NA,NA,NA,NA,NA
2023-01-08T18:05:15Z,1612148440607203300,1612148440607203330,"@McMantiko01 Lo de que la victoria no da 3 puntos no te la sabes, ¬øno?","@McMantiko01 Lo de que la victoria no da 3 puntos no te la sabes, ¬øno?",FALSE,,"<a href=""http://twitter.com/download/iphone"" rel=""nofollow"">Twitter for iPhone</a>",1612147500093431800,1612147500093431813,1069435750024851500,1069435750024851457,McMantiko01,,,,NA,FALSE,6,275,FALSE,NA,FALSE,NA,es,NA,NA,70,NA,,NA,NA,,NA,NA,NA,NA,NA,NA,NA,NA,NA,NA
2023-01-08T18:01:05Z,1612147394430341e3,1612147394430341121,"Las mejoras despu√©s del primer partido son evidentes. Sufr√≠ el partido pero tambi√©n lo goc√© con los aciertos que hubo. La tercera jornada es nuestra.

Gracias por apoyar, le estamos poniendo todo de nosotros a esto y al final valdr√° la pena. ‚ù§Ô∏è","Las mejoras despu√©s del primer partido son evidentes. Sufr√≠ el partido pero tambi√©n lo goc√© con los aciertos que hubo. La tercera jornada es nuestra.

Gracias por apoyar, le estamos poniendo todo de nosotros a esto y al final valdr√° la pena. ‚ù§Ô∏è",FALSE,,"<a href=""http://twitter.com/download/iphone"" rel=""nofollow"">Twitter for iPhone</a>",NA,NA,NA,NA,NA,,,,NA,FALSE,298,14807,FALSE,NA,FALSE,NA,es,NA,NA,244,NA,,NA,NA,,NA,NA,NA,NA,NA,NA,NA,NA,NA,NA
2023-01-08T16:29:17Z,1612124291994374100,1612124291994374144,"ANIQUILADORES FC üÜö 1K FC / 2DA JORNADA DESDE √ÅMSTERDAM

https://t.co/ik12dIk9EX https://t.co/3HCmX6oCU6","ANIQUILADORES FC üÜö 1K FC / 2DA JORNADA DESDE √ÅMSTERDAM

https://t.co/ik12dIk9EX https://t.co/3HCmX6oCU6",FALSE,,"<a href=""http://twitter.com/download/iphone"" rel=""nofollow"">Twitter for iPhone</a>",NA,NA,NA,NA,NA,,,,NA,FALSE,261,6297,FALSE,NA,FALSE,NA,ca,FALSE,NA,79,NA,,NA,NA,,NA,NA,NA,NA,NA,NA,NA,NA,NA,NA
2023-01-08T16:16:23Z,1612121042839031800,1612121042839031809,@TheOnlyYisus1 @AniquiladoresFC No ps ta cabr√≥n,@TheOnlyYisus1 @AniquiladoresFC No ps ta cabr√≥n,FALSE,,"<a href=""http://twitter.com/download/iphone"" rel=""nofollow"">Twitter for iPhone</a>",1612120349293908e3,1612120349293907968,1251081843430101e3,1251081843430100992,TheOnlyYisus1,,,,NA,FALSE,0,186,FALSE,NA,FALSE,NA,es,NA,NA,47,NA,,NA,NA,,NA,NA,NA,NA,NA,NA,NA,NA,NA,NA
2023-01-08T15:27:08Z,1612108649702514700,1612108649702514688,"Ya en √Åmsterdam. üòé

El internet del hotel es una mierda, prendo en una hora desde el tel√©fono viendo el partido en la tv.

VAMOS @AniquiladoresFC üí™üí™üí™","Ya en √Åmsterdam. üòé

El internet del hotel es una mierda, prendo en una hora desde el tel√©fono viendo el partido en la tv.

VAMOS @AniquiladoresFC üí™üí™üí™",FALSE,,"<a href=""http://twitter.com/download/iphone"" rel=""nofollow"">Twitter for iPhone</a>",NA,NA,NA,NA,NA,,,,NA,FALSE,164,7390,FALSE,NA,FALSE,NA,es,NA,NA,149,NA,,NA,NA,,NA,NA,NA,NA,NA,NA,NA,NA,NA,NA
2023-01-08T02:34:01Z,1611914087864361e3,1611914087864360960,"@kevvsz_ @AniquiladoresFC @KingsLeague Es incre√≠ble amigo, gracias ‚ù§Ô∏è","@kevvsz_ @AniquiladoresFC @KingsLeague Es incre√≠ble amigo, gracias ‚ù§Ô∏è",FALSE,,"<a href=""http://twitter.com/download/iphone"" rel=""nofollow"">Twitter for iPhone</a>",1611909781463220200,1611909781463220227,941041161615134700,941041161615134720,kevvsz_,,,,NA,FALSE,12,1666,FALSE,NA,FALSE,NA,es,NA,NA,69,NA,,NA,NA,,NA,NA,NA,NA,NA,NA,NA,NA,NA,NA
2023-01-07T23:28:15Z,1611867340144087e3,1611867340144087041,ESTOY MUY EMOCIONADO https://t.co/U7o4elxGdR,ESTOY MUY EMOCIONADO https://t.co/U7o4elxGdR,FALSE,,"<a href=""http://twitter.com/download/iphone"" rel=""nofollow"">Twitter for iPhone</a>",NA,NA,NA,NA,NA,,,,NA,TRUE,139,4626,FALSE,NA,FALSE,NA,es,FALSE,NA,20,NA,,1611860976227197e3,1611860976227196928,,NA,NA,NA,NA,NA,NA,NA,NA,NA,NA
2023-01-07T15:36:42Z,1611748671577522200,1611748671577522176,"AMOGUS

AHORA S√ç ME VOY, ADI√ìS üëã

https://t.co/SWoeNhMdDk","AMOGUS

AHORA S√ç ME VOY, ADI√ìS üëã

https://t.co/SWoeNhMdDk",FALSE,,"<a href=""https://mobile.twitter.com"" rel=""nofollow"">Twitter Web App</a>",NA,NA,NA,NA,NA,,,,NA,FALSE,225,5155,FALSE,NA,FALSE,NA,es,FALSE,NA,57,NA,,NA,NA,,NA,NA,NA,NA,NA,NA,NA,NA,NA,NA
2023-01-06T15:45:53Z,1611388593490243600,1611388593490243584,"IBAIN√âFICO (MA√ëANA VIAJO, VEN A DESPEDIRTE üò≥)

https://t.co/SWoeNhMLsS","IBAIN√âFICO (MA√ëANA VIAJO, VEN A DESPEDIRTE üò≥)

https://t.co/SWoeNhMLsS",FALSE,,"<a href=""https://mobile.twitter.com"" rel=""nofollow"">Twitter Web App</a>",NA,NA,NA,NA,NA,,,,NA,FALSE,209,5071,FALSE,NA,FALSE,NA,es,FALSE,NA,70,NA,,NA,NA,,NA,NA,NA,NA,NA,NA,NA,NA,NA,NA
2023-01-06T15:35:19Z,1611385934162923500,1611385934162923521,@DonReborn2 @NoSoyEl8cho Por much√≠simo menos 8cho me ha insultado,@DonReborn2 @NoSoyEl8cho Por much√≠simo menos 8cho me ha insultado,FALSE,,"<a href=""http://twitter.com/download/iphone"" rel=""nofollow"">Twitter for iPhone</a>",1611369468315463700,1611369468315463683,1188895278801309700,1188895278801309696,DonReborn2,,,,NA,FALSE,88,7220,FALSE,NA,FALSE,NA,es,NA,NA,65,NA,,NA,NA,,NA,NA,NA,NA,NA,NA,NA,NA,NA,NA
2023-01-06T04:57:03Z,1611225309688348700,1611225309688348672,@PieroSwift_ ????????? @rociodta,@PieroSwift_ ????????? @rociodta,FALSE,,"<a href=""http://twitter.com/download/iphone"" rel=""nofollow"">Twitter for iPhone</a>",1611224942804340700,1611224942804340739,847230660834021400,847230660834021376,PieroSwift_,,,,NA,FALSE,26,3279,FALSE,NA,FALSE,NA,qam,NA,NA,32,NA,,NA,NA,,NA,NA,NA,NA,NA,NA,NA,NA,NA,NA
2023-01-06T04:53:53Z,1611224513223577600,1611224513223577602,"Lo mejor de haber hecho mi propio trend de TikTok es sentir la autoridad de criticar a cada persona que lo hace. No es broma, he criticado a cada uno de los que me ha aparecido en el ‚ÄúPara ti‚Äù, ni uno s√≥lo se salvar√° de mi cr√≠tica 0 constructiva. https://t.co/YNytSN6Jkt","Lo mejor de haber hecho mi propio trend de TikTok es sentir la autoridad de criticar a cada persona que lo hace. No es broma, he criticado a cada uno de los que me ha aparecido en el ‚ÄúPara ti‚Äù, ni uno s√≥lo se salvar√° de mi cr√≠tica 0 constructiva. https://t.co/YNytSN6Jkt",FALSE,,"<a href=""http://twitter.com/download/iphone"" rel=""nofollow"">Twitter for iPhone</a>",NA,NA,NA,NA,NA,,,,NA,FALSE,558,26633,FALSE,NA,FALSE,NA,es,FALSE,NA,246,NA,,NA,NA,,NA,NA,NA,NA,NA,NA,NA,NA,NA,NA
2023-01-05T23:35:03Z,161114427402394e4,1611144274023940097,"Las ganas de que sea domingo y ver ya la segunda jornada. Estoy muy emocionado, conf√≠o mucho en los chicos.","Las ganas de que sea domingo y ver ya la segunda jornada. Estoy muy emocionado, conf√≠o mucho en los chicos.",FALSE,,"<a href=""http://twitter.com/download/iphone"" rel=""nofollow"">Twitter for iPhone</a>",NA,NA,NA,NA,NA,,,,NA,FALSE,179,10185,FALSE,NA,FALSE,NA,es,NA,NA,107,NA,,NA,NA,,NA,NA,NA,NA,NA,NA,NA,NA,NA,NA
2023-01-05T21:34:03Z,1611113825524404200,1611113825524404224,"Insufrible hoy Twitch con todas las ca√≠das, ma√±ana 10am prendemos para el Ibain√©fico. ü§ì","Insufrible hoy Twitch con todas las ca√≠das, ma√±ana 10am prendemos para el Ibain√©fico. ü§ì",FALSE,,"<a href=""https://mobile.twitter.com"" rel=""nofollow"">Twitter Web App</a>",NA,NA,NA,NA,NA,,,,NA,FALSE,204,9667,FALSE,NA,FALSE,NA,es,NA,NA,87,NA,,NA,NA,,NA,NA,NA,NA,NA,NA,NA,NA,NA,NA
2023-01-05T19:08:00Z,1611077071245279200,1611077071245279232,"EN VIVO, HOY:

- FICHAJE JUGADOR 11 @AniquiladoresFC üí™
- Draft Ibain√©fico (escoger√© gente que me cae mal)
- Gameplay de dudosa calidad

https://t.co/SWoeNhMLsS","EN VIVO, HOY:

- FICHAJE JUGADOR 11 @AniquiladoresFC üí™
- Draft Ibain√©fico (escoger√© gente que me cae mal)
- Gameplay de dudosa calidad

https://t.co/SWoeNhMLsS",FALSE,,"<a href=""https://mobile.twitter.com"" rel=""nofollow"">Twitter Web App</a>",NA,NA,NA,NA,NA,,,,NA,FALSE,200,4215,FALSE,NA,FALSE,NA,es,FALSE,NA,159,NA,,NA,NA,,NA,NA,NA,NA,NA,NA,NA,NA,NA,NA
2023-01-05T16:00:19Z,1611029838931923e3,1611029838931922953,"Acompa√±ar√© a Ibai en el Ibain√©fico y ser√© capit√°n de un equipo. Hoy es el draft, ma√±ana y pasado ma√±ana ser√° el evento. Nos vemos hoy a la 1/2pm, antes me voy a cortar el pelo. üòå https://t.co/yg5AEoWpP8","Acompa√±ar√© a Ibai en el Ibain√©fico y ser√© capit√°n de un equipo. Hoy es el draft, ma√±ana y pasado ma√±ana ser√° el evento. Nos vemos hoy a la 1/2pm, antes me voy a cortar el pelo. üòå https://t.co/yg5AEoWpP8",FALSE,,"<a href=""http://twitter.com/download/iphone"" rel=""nofollow"">Twitter for iPhone</a>",NA,NA,NA,NA,NA,,,,NA,TRUE,195,6712,FALSE,NA,FALSE,NA,es,FALSE,NA,178,NA,,1610752032377561e3,1610752032377561088,,NA,NA,NA,NA,NA,NA,NA,NA,NA,NA
2023-01-05T01:44:17Z,1610814410313834500,1610814410313834497,"Ten√≠a ganas de salir con mis amigos y hacer directo, hice las dos y me la pas√© ching√≥n. Gracias por ver amigos, nos vemos ma√±ana en la tarde. ‚ù§Ô∏è","Ten√≠a ganas de salir con mis amigos y hacer directo, hice las dos y me la pas√© ching√≥n. Gracias por ver amigos, nos vemos ma√±ana en la tarde. ‚ù§Ô∏è",FALSE,,"<a href=""http://twitter.com/download/iphone"" rel=""nofollow"">Twitter for iPhone</a>",NA,NA,NA,NA,NA,,,,NA,FALSE,263,11841,FALSE,NA,FALSE,NA,es,NA,NA,144,NA,,NA,NA,,NA,NA,NA,NA,NA,NA,NA,NA,NA,NA
2023-01-04T23:01:51Z,1610773533751410700,1610773533751410688,"IRL BOLICHE + KARAOKE con AMIGOS

https://t.co/ik12dIk9EX","IRL BOLICHE + KARAOKE con AMIGOS

https://t.co/ik12dIk9EX",FALSE,,"<a href=""http://twitter.com/download/iphone"" rel=""nofollow"">Twitter for iPhone</a>",NA,NA,NA,NA,NA,,,,NA,FALSE,281,4462,FALSE,NA,FALSE,NA,es,FALSE,NA,57,NA,,NA,NA,,NA,NA,NA,NA,NA,NA,NA,NA,NA,NA
2023-01-04T22:17:16Z,1610762312536961e3,1610762312536961024,"Se nos unen Ari, Rivers, Barca y Alana ü§ì https://t.co/mVPWxiNccO","Se nos unen Ari, Rivers, Barca y Alana ü§ì https://t.co/mVPWxiNccO",FALSE,,"<a href=""http://twitter.com/download/iphone"" rel=""nofollow"">Twitter for iPhone</a>",NA,NA,NA,NA,NA,,,,NA,TRUE,259,7907,FALSE,NA,FALSE,NA,es,FALSE,NA,40,NA,,1610738667928051700,1610738667928051712,,NA,NA,NA,NA,NA,NA,NA,NA,NA,NA
2023-01-04T20:43:19Z,1610738667928051700,1610738667928051712,"HOY IRL, 5PM üá≤üáΩ

Vamos al boliche y luego a un karaoke. üòé","HOY IRL, 5PM üá≤üáΩ

Vamos al boliche y luego a un karaoke. üòé",FALSE,,"<a href=""http://twitter.com/download/iphone"" rel=""nofollow"">Twitter for iPhone</a>",NA,NA,NA,NA,NA,,,,NA,FALSE,353,8472,FALSE,NA,FALSE,NA,es,NA,NA,57,NA,,NA,NA,,NA,NA,NA,NA,NA,NA,NA,NA,NA,NA
2023-01-04T20:28:52Z,1610735033052172300,1610735033052172291,@IbaiLlanos No digas mamadas Ibai saludos a todos por all√°,@IbaiLlanos No digas mamadas Ibai saludos a todos por all√°,FALSE,,"<a href=""http://twitter.com/download/iphone"" rel=""nofollow"">Twitter for iPhone</a>",1610722713038880800,1610722713038880775,2754746065,2754746065,IbaiLlanos,,,,NA,FALSE,94,8350,FALSE,NA,FALSE,NA,es,NA,NA,58,NA,,NA,NA,,NA,NA,NA,NA,NA,NA,NA,NA,NA,NA
2023-01-04T20:10:16Z,1610730352968093700,1610730352968093696,@RickyEdit En la √∫ltima hay muchos posibles nominados Ricky lo veo muy dif√≠cil,@RickyEdit En la √∫ltima hay muchos posibles nominados Ricky lo veo muy dif√≠cil,FALSE,,"<a href=""http://twitter.com/download/iphone"" rel=""nofollow"">Twitter for iPhone</a>",1610729468431159300,1610729468431159296,1089643585,1089643585,RickyEdit,,,,NA,FALSE,22,2872,FALSE,NA,FALSE,NA,es,NA,NA,78,NA,,NA,NA,,NA,NA,NA,NA,NA,NA,NA,NA,NA,NA
2023-01-04T19:05:47Z,1610714123997974500,1610714123997974528,"Una triste noticia, mis mejores deseos para Chelito, ojal√° en un futuro se arme.

Ma√±ana 1pm anunciamos fichaje del nuevo JUGADOR 11, ¬°no se preocupen! El equipo est√° en buenas manos. üí™ https://t.co/KFQ1NkHutA","Una triste noticia, mis mejores deseos para Chelito, ojal√° en un futuro se arme.

Ma√±ana 1pm anunciamos fichaje del nuevo JUGADOR 11, ¬°no se preocupen! El equipo est√° en buenas manos. üí™ https://t.co/KFQ1NkHutA",FALSE,,"<a href=""http://twitter.com/download/iphone"" rel=""nofollow"">Twitter for iPhone</a>",NA,NA,NA,NA,NA,,,,NA,TRUE,181,9183,FALSE,NA,FALSE,NA,es,FALSE,NA,185,NA,,1610712956332802e3,1610712956332802050,,NA,NA,NA,NA,NA,NA,NA,NA,NA,NA
2023-01-04T17:08:57Z,1610684720492298200,1610684720492298242,Alguien sabe de esto? Estar√≠a chingons√≠simo https://t.co/jDuqdFvqRX,Alguien sabe de esto? Estar√≠a chingons√≠simo https://t.co/jDuqdFvqRX,FALSE,,"<a href=""http://twitter.com/download/iphone"" rel=""nofollow"">Twitter for iPhone</a>",NA,NA,NA,NA,NA,,,,NA,TRUE,130,6900,FALSE,NA,FALSE,NA,es,FALSE,NA,43,NA,,1610684287535255600,1610684287535255552,,NA,NA,NA,NA,NA,NA,NA,NA,NA,NA
2023-01-04T17:00:12Z,1610682520760193e3,1610682520760193047,@xBrianGrr No dejan grabar.,@xBrianGrr No dejan grabar.,FALSE,,"<a href=""http://twitter.com/download/iphone"" rel=""nofollow"">Twitter for iPhone</a>",1610682399142154200,1610682399142154281,1036313953817616400,1036313953817616384,xBrianGrr,,,,NA,FALSE,6,597,FALSE,NA,FALSE,NA,es,NA,NA,27,NA,,NA,NA,,NA,NA,NA,NA,NA,NA,NA,NA,NA,NA
2023-01-04T16:59:18Z,1610682293898592300,1610682293898592256,"Hoy IRL 100%, ir por el Terranator es imposible, se consigue s√≥lo en l√≠nea.

¬øQu√© podr√≠amos hacer? Que no sea chingarme una hamburguesa OTRA VEZ. xd","Hoy IRL 100%, ir por el Terranator es imposible, se consigue s√≥lo en l√≠nea.

¬øQu√© podr√≠amos hacer? Que no sea chingarme una hamburguesa OTRA VEZ. xd",FALSE,,"<a href=""http://twitter.com/download/iphone"" rel=""nofollow"">Twitter for iPhone</a>",NA,NA,NA,NA,NA,,,,NA,FALSE,225,10083,FALSE,NA,FALSE,NA,es,NA,NA,148,NA,,NA,NA,,NA,NA,NA,NA,NA,NA,NA,NA,NA,NA
2023-01-04T00:37:42Z,1610435266480853e3,1610435266480852992,BESOS BUENAS NOCHES,BESOS BUENAS NOCHES,FALSE,,"<a href=""http://twitter.com/download/iphone"" rel=""nofollow"">Twitter for iPhone</a>",NA,NA,NA,NA,NA,,,,NA,FALSE,322,13963,FALSE,NA,FALSE,NA,es,NA,NA,19,NA,,NA,NA,,NA,NA,NA,NA,NA,NA,NA,NA,NA,NA
2023-01-03T19:38:21Z,1610359930372116500,1610359930372116481,"Hi guys! Now live, welcome everyone üòä

https://t.co/SWoeNhMLsS","Hi guys! Now live, welcome everyone üòä

https://t.co/SWoeNhMLsS",FALSE,,"<a href=""https://mobile.twitter.com"" rel=""nofollow"">Twitter Web App</a>",NA,NA,NA,NA,NA,,,,NA,FALSE,301,6138,FALSE,NA,FALSE,NA,en,FALSE,NA,62,NA,,NA,NA,,NA,NA,NA,NA,NA,NA,NA,NA,NA,NA
2023-01-03T19:13:59Z,1610353798316281900,1610353798316281858,"@nicmast1 Se llama Not For Broadcast, no? xd","@nicmast1 Se llama Not For Broadcast, no? xd",FALSE,,"<a href=""https://mobile.twitter.com"" rel=""nofollow"">Twitter Web App</a>",1610324966683148300,1610324966683148291,1066058239970816e3,1066058239970816000,nicmast1,,,,NA,FALSE,5,260,FALSE,NA,FALSE,NA,en,NA,NA,44,NA,,NA,NA,,NA,NA,NA,NA,NA,NA,NA,NA,NA,NA
2023-01-03T19:07:23Z,1610352137845842e3,1610352137845841924,"Tenemos fichaje nuevo, @DAcedo10 ser√° nuestro JUGADOR 12 en la siguiente jornada. üí™ https://t.co/KcnADqj95I","Tenemos fichaje nuevo, @DAcedo10 ser√° nuestro JUGADOR 12 en la siguiente jornada. üí™ https://t.co/KcnADqj95I",FALSE,,"<a href=""http://twitter.com/download/iphone"" rel=""nofollow"">Twitter for iPhone</a>",NA,NA,NA,NA,NA,,,,NA,TRUE,127,3908,FALSE,NA,FALSE,NA,es,FALSE,NA,83,NA,,1610350499575767e3,1610350499575767041,,NA,NA,NA,NA,NA,NA,NA,NA,NA,NA
